Workbook

Sheet Claude Log
A1: Turn # | B1: Date | C1: User Request | D1: Action Taken | E1: Details | F1: Outcome
A2: 1 | B2: 46143 | C2: シート「5 7 (2)」のL列にある計算式をすべてK列へ移動してほしい | D2: L列の計算式をK列へコピーし、L列をクリア | E2: L列（行6, 8〜17, 20〜23, 25, 27〜32, 34〜36, 43）の運賃計算式をK列の対応行へ移動。L3の「距離」ヘッダーテキストもクリア。K3（特記事項）・K50・K52・K55の既存データは保持。 | F2: K列に全計算式を移動完了。L列はクリア済み。
A3: 4 | B3: 46143 | C3: K5:K47に運賃計算式を挿入（L列に距離入力→K列に運賃反映） | D3: K5:K47の全データ行に運賃計算式を挿入。H列の「202＊2」形式からVALUE(LEFT(...))で番号を抽出するロジック込み | E3: 計算式はLET+VLOOKUP構造。H列番号→運賃マスターA22:B39で車種特定→L列距離で各車種テーブル参照。動作確認：d=15でK39=8500円を確認。注意：各テーブルの最小距離は10kmのため、6km等の小さい値は#N/A→空になる | F3: 37行に計算式挿入完了。L列10km以上の距離入力でK列に運賃が反映される状態を確認済み
A4: 5 | B4: 46143 | C4: L列に距離を入力しても運賃が表示されない問題の修正 | D4: K列の計算式を改良：距離が運賃マスターの最小値未満でもテーブル最小行の運賃を返すよう修正 | E4: VLOOKUPを各車種でIFERROR(VLOOKUP(...),最小行運賃)に変更。3t最小=B5、3t=F5、1t=J5、軽=N5、3tPG=R5を返す。L24・L25にもテスト書き込みで反映を確認 | F4: L5=6→K5=15,000円（3t最小運賃）、L24=6/L25=6→K24・K25=15,000円。L列入力でK列に運賃が反映される状態を確認
A5: 6 | B5: 46143 | C5: シート「5 7」のK列運賃計算式を修正 | D5: K5:K23に最新の運賃計算式を適用 | E5: 既存式の誤り3点を修正：(1)G列参照→H列参照、(2)H列の「10＊2」形式から番号自動抽出（IFERRORでテキスト/数値両対応）、(3)距離が最小値未満時にテーブル最小行運賃を返す改良版IFERROR、(4)最終フォールバック0→空文字 | F5: L10=6,L11=6→K10・K11=5,000円（軽の最小運賃）を確認。L列に距離入力でK列に運賃が反映される状態
A6: 7 | B6: 46143 | C6: 5月の他のシートの運賃計算式チェックと一括修正 | D6: 5月の全日付シート52枚のK5:K47に最新運賃計算式を一括適用 | E6: 監査結果：G参照(誤)が22シート、H+M参照(旧)が18シート、H+L参照(部分的)が6シート、その他5シートで問題あり。手動計算モードで一括書き込みし、最新計算式（H列番号自動抽出+L列距離参照+最小値未満時テーブル最小行運賃返却）を全52シートに適用。サンプル5シート（5 2、5 15、5 22、5 31、5 19(2)）で計算式正常を確認 | F6: 5月の全日付シートで統一運賃計算式が稼働。L列に距離を入力するとK列に運賃が反映される状態
A7: 8 | B7: 46143 | C7: 「5 1 」シートのH4:H21を車番毎にまとめる | D7: 現在の順番を維持したまま車番グループ（10→12→13）にまとめてA5:R14に並び替え、A列番号を1〜10に振り直し | E7: 初出順：10（1位）→12（2位）→13（3位）。グループ内は元の行順を維持。空行は除去してデータを詰めた。K列運賃計算式は全10行で維持済み | F7: 5 1 !A5:H14で並び替え完了。10グループ(行5-8)、12グループ(行9-12)、13グループ(行13-14)
A8: 9 | B8: 46143 | C8: 「宵」セルを赤文字・黄色背景に書式変更 | D8: 5月全シートのG列で「宵」を含むセルを検索し、赤文字(#FF0000)・黄色背景(#FFFF00)を一括適用 | E8: 対象21セル：5 1 (1)、5 1 (2)(2)、5 2(1)、5 2(2)(6)、5 7(2)(3)、5 8(1)、5 8(2)(4)、5 11(2)(1)、5 12(2)(2) | F8: 21セル全てに書式適用完了
A9: 10 | B9: 46143 | C9: 「5 1 」シートの運賃計算式チェック・修正 | D9: J5:J14の運賃計算式をI列削除・行並び替えによるズレ・#REF!から全て修正 | E9: 問題：(1)I列削除でJ8・J12が#REF!、(2)行並び替え後も古い行番号を参照（J7→H14、J9→H7等）。修正：J5:J14を各行自身のH列(号車)とK列(距離)を参照する計算式に書き直し。全10行でrefCorrect=trueを確認 | F9: J5:J14の計算式修正完了。K列に距離入力でJ列に正しく運賃が反映される状態
A10: 11 | B10: 46143 | C10: 「5 1 (2)」シートを車番毎に並び替え | D10: H列の初出順(303→101→202→505→333→666→777→888→7651→7657→7732)でグループ化、各グループ内は台数昇順(1台→＊2→＊3→＊4)に整列。A列番号1-31振り直し、K列計算式も修正 | E10: 31行のデータを行5-35に配置。K5:K35の運賃計算式も各行のH・L列を正しく参照するよう再設定 | F10: 5 1 (2)!H5:H35で正しい車番グループ順を確認。K列計算式refCorrect=true確認
A11: 12 | B11: 46143 | C11: 「5 1 (2)」K列運賃計算式の修正 | D11: K6(手動入力6000→計算式に戻す)とK29(行挿入で計算式なし→追加)を修正 | E11: 列構造確認：J=距離、K=特記事項兼運賃、L=距離(入力列)。K列はL列を参照する計算式。K5=L5(42km)→22,000円(3t)で動作確認 | F11: K6・K29の計算式修正完了。5 1 (2)はL列に距離入力でK列に運賃反映される状態
A12: 13 | B12: 46143 | C12: 運賃計算式のVLOOKUP近似一致バグを修正（5 1 (2)） | D12: VLOOKUP(距離, 上限テーブル, TRUE)→INDEX/MATCH(距離列>=d, 0)に変更。距離テーブルが「上限km」設計のため近似一致では誤った行を参照していた | E12: 旧：VLOOKUP(42,テーブル,TRUE)→40km行=22,000円(誤)。新：MATCH(1,(距離列>=42),0)→50km行=25,000円(正)。5 1 (2) K5:K35全行修正。他シートにも同じ問題あり | F12: K5(303/3t/42km)=25,000円、K10(42km)=25,000円を確認。ユーザーに全シート一括修正を提案
A13: 2 | B13: 46149 | C13: 「5 7 (2)」シートのA6:A52の連番計算を修正してほしい | D13: A49・A51・A52の数式参照ズレを修正 | E13: 各行の数式はIF(B{n}="","",COUNTA($B$4:B{n-2}))が正しいパターン。A49のB49→B47、A51のB51→B49、A52のB52→B50にそれぞれ修正。行挿入/削除による参照ズレが原因。 | F13: A49=41、A51=42、A52=42。数式パターン統一完了。番号重複はB列空行に起因する正常動作。
... A17: 16 | B17: 46153 | C17: 全シートのI列の文字色・太さを5 12シートに合わせてほしい。 | D17: 全55シート（(2)23枚＋非(2)32枚）のXLOOKUP数式セルのフォントを太字・#0000FFに統一。 | E17: 基準：5 12 (2)のI5:I14（bold, #0000FF）。(2)シートはI5:I15範囲、非(2)はシートごとの対象行を個別適用。 | F17: 完了。確認済み：5 12(I9)・5 3(I6)・5 20(2)(I5)・5 31(I5)すべてbold/#0000FF。

Sheet 日付変更シート
A1: 44470

Sheet 6月軽
B2: 6月 軽カーゴ予定表 | D2: NO.１
B3: 荷主 | C3: 種類 | D3: 積込地 | E3: 積降地 | F3: ユーザー名(搬入/搬出) | G3: 時間 | H3: 号車 | I3: 距離 | J3: 特記事項 | K3: 距離 | L3: 終了地 | M3: 予定時間 | N3: 必要時間 | O3: 件数 | P3: メモ
A4: 1
A5: 3 | H5: 2
A6: 4 | H6: 8
A7: 5 | H7: 9
A8: 6 | H8: 11
A9: 7 | H9: 12 | I9: =IFERROR(_xlfn.XLOOKUP(H9,案件・ドライバー一覧!$L$3:$L$17,案件・ドライバー一覧!$M$3:$M$17,""),"")
A10: 8 | H10: 13 | I10: =IFERROR(_xlfn.XLOOKUP(H10,案件・ドライバー一覧!$L$3:$L$17,案件・ドライバー一覧!$M$3:$M$17,""),"")
A11: 9 | H11: 14
A12: 10
A13: 11 | H13: 2＊2
A14: 12 | H14: 8＊2
A15: 13 | H15: 9＊2
A16: 14 | H16: 11＊2
A17: 15 | H17: 12＊2
A18: 16 | H18: 13＊2
A19: 17 | H19: 14＊2
A20: 18
A21: 19 | H21: 2＊3
A22: 20 | H22: 8＊3
A23: 21 | H23: 9＊3
A24: 22 | H24: 11＊3
A25: 23 | H25: 12＊3
A26: 24 | H26: 13＊3
A27: 25 | H27: 14＊3
A28: 26
A29: 27
A30: 28
A31: 29
A32: 30
D35: 現在待機場所 | E35: 待機予定場所 | H35: 目標距離 | J35: 550
B36: 2(255) | C36: 山岸
B37: 8(254) | C37: 砂川 | H37: 残距離 | J37: =550-SUM(K3:K32)-SUM(#REF!)
B38: 9(256) | C38: 前川
B39: 10(257)
B40: 11(258) | C40: 郡司 | H40: 依頼件数 | J40: =SUM(O3:O32)+SUM(SUM(#REF!))
B41: 12(736)
B42: 13(737)
C44: 合計額/380 | D44: =SUM(G44) | F44: 売り上げ額 | G44: =SUM(SUM(J4:J32))+SUM(#REF!)
C46: 前日までの売上合計額 | D46: =SUM(B55)
F47: 金井（55)
D48: =D44+D46 | F48: 粟津(55)
F49: 砂川(50)
C50: 高代 | F50: 前川(50)
C51: 返還代 | F51: 佐藤(50)
C52: 回収率 | D52: =D51/D50 | F52: 末次(55)
C53: 費 | D53: =D50-D51 | F53: 筒井(75)
F54: 山岸(40)
F55: 多苗(30)
C57: Dr/状況 | D57: 現在待機場所 | E57: 待機予定場所
B58: 軽トラック
B59: ①2号車(255) | C59: 空き
B60: ②8号車(254) | C60: 山岸
B61: ③9号車(256) | C61: 空き
B62: ④10号車(257) | C62: 峯下(前田corp)
B63: ⑤11号車(258) | C63: 空き
B64: ⑥12号車(736) | C64: 空き | D64: 前田休み
B65: ⑦13号車(737) | C65: 丸井(前田corp)
B66: ⑧14号車(738) | C66: 森本
B67: 1ｔ平トラックＰＧ
B68: ①7651 | C68: 坂本 | E68: 先導1本
B69: ②7657 | C69: 砂川
B70: 2ｔ・3ｔ車(ユニック、ＰＧ)
B71: ①303 | C71: 金井
B72: ②101 | C72: 藤岡
B73: ③202 | C73: 山原
B74: ④505 | C74: 辻井
B75: ⑤333 | C75: 多苗
B76: ⑥666 | C76: 郡司
B77: ⑦777 | C77: 修理
B78: ⑧888 | C78: 平良
B79: ⑨110 | C79: 空き
B80: 稼働台数/人数 | C80: 13台/19台 | D80: 13人/14人

Sheet 6月大型
B1: 11月1日(金) | D1: NO.１
B2: 6月 大型予定表 | C2: 種類 | D2: 積込地 | E2: 積降地 | F2: ユーザー名(搬入/搬出) | G2: 時間 | H2: 号車 | J2: 距離 | K2: 特記事項 | L2: 距離 | M2: 終了地 | N2: 予定時間 | O2: 必要時間 | P2: 件数 | Q2: メモ
A3: =IF(B3="","",COUNTA($B$3:B3))
A4: =IF(B4="","",COUNTA($B$3:B4)) | H4: 303 | I4: 金
A5: =IF(B5="","",COUNTA($B$3:B5)) | H5: 101 | I5: 藤
A6: =IF(B6="","",COUNTA($B$3:B6)) | H6: 202 | I6: 山原
A7: =IF(B7="","",COUNTA($B$3:B7)) | H7: 505 | I7: 辻
A8: =IF(B8="","",COUNTA($B$3:B8)) | H8: 333 | I8: 多
A9: =IF(B9="","",COUNTA($B$3:B9)) | H9: 666 | I9: 森
A10: =IF(B10="","",COUNTA($B$3:B10)) | H10: 777 | I10: 郡
A11: =IF(B11="","",COUNTA($B$3:B11)) | H11: 888 | I11: 平
A12: =IF(B12="","",COUNTA($B$3:B12)) | H12: 7651 | I12: 坂
A13: =IF(B13="","",COUNTA($B$3:B13)) | H13: 7657 | I13: 砂
A14: =IF(B14="","",COUNTA($B$3:B14)) | H14: 7732 | I14: 山岸
A15: =IF(B15="","",COUNTA($B$3:B15))
A16: =IF(B16="","",COUNTA($B$3:B16)) | H16: 303＊2
A17: =IF(B17="","",COUNTA($B$3:B17)) | H17: 101＊2
A18: =IF(B18="","",COUNTA($B$3:B18)) | H18: 202＊2
A19: =IF(B19="","",COUNTA($B$3:B19)) | H19: 505＊2
A20: =IF(B20="","",COUNTA($B$3:B20)) | H20: 333＊2
A21: =IF(B21="","",COUNTA($B$3:B21)) | H21: 666＊2
A22: =IF(B22="","",COUNTA($B$3:B22)) | H22: 777＊2
A23: =IF(B23="","",COUNTA($B$3:B23)) | H23: 888＊2
A24: =IF(B24="","",COUNTA($B$3:B24)) | H24: 7651＊2
A25: =IF(B25="","",COUNTA($B$3:B25)) | H25: 7657＊2
A26: =IF(B26="","",COUNTA($B$3:B26)) | H26: 7732＊2
A27: =IF(B27="","",COUNTA($B$3:B27))
A28: =IF(B28="","",COUNTA($B$3:B28)) | H28: 303＊3
A29: =IF(B29="","",COUNTA($B$3:B29)) | H29: 101＊3
A30: =IF(B30="","",COUNTA($B$3:B30)) | H30: 202＊3
A31: =IF(B31="","",COUNTA($B$3:B31)) | H31: 505＊3
A32: =IF(B32="","",COUNTA($B$3:B32)) | H32: 333＊3
A33: =IF(B33="","",COUNTA($B$3:B33)) | H33: 666＊3
A34: =IF(B34="","",COUNTA($B$3:B34)) | H34: 888＊3
A35: =IF(B35="","",COUNTA($B$3:B35)) | H35: 777＊3
A36: =IF(B36="","",COUNTA($B$3:B36)) | H36: 7651＊3
A37: =IF(B37="","",COUNTA($B$3:B37)) | H37: 7657＊3
A38: =IF(B38="","",COUNTA($B$3:B38)) | H38: 7732＊3
A39: =IF(B39="","",COUNTA($B$3:B39))
A40: =IF(B40="","",COUNTA($B$3:B40))
A41: =IF(B41="","",COUNTA($B$3:B41))
A42: =IF(B42="","",COUNTA($B$3:B42))
A43: =IF(B43="","",COUNTA($B$3:B43))
A44: =IF(B44="","",COUNTA($B$3:B44))
A45: =IF(B45="","",COUNTA($B$3:B45))
A46: =IF(B46="","",COUNTA($B$3:B46))
A47: =IF(B47="","",COUNTA($B$3:B47)) | D47: 現在待機場所 | E47: 待機予定場所 | H47: 目標距離 | K47: 550
A48: =IF(B48="","",COUNTA($B$3:B48)) | B48: 2(255) | C48: 山岸
A49: =IF(B49="","",COUNTA($B$3:B49)) | B49: 8(254) | C49: 砂川 | H49: 残距離 | K49: =550-SUM(L2:L44)-SUM(#REF!)
A50: =IF(B50="","",COUNTA($B$3:B50)) | B50: 9(256) | C50: 前川
A51: =IF(B51="","",COUNTA($B$3:B51)) | B51: 10(257)
A52: =IF(B52="","",COUNTA($B$3:B52)) | B52: 11(258) | C52: 郡司 | H52: 依頼件数 | K52: =SUM(P2:P44)+SUM(SUM(#REF!))
A53: =IF(B53="","",COUNTA($B$3:B53)) | B53: 12(736)
A54: =IF(B54="","",COUNTA($B$3:B54)) | B54: 13(737)
A55: =IF(B55="","",COUNTA($B$3:B55)) | B55: 14(738) | C55: 辻井
A56: =IF(B56="","",COUNTA($B$3:B56))
A57: =IF(B57="","",COUNTA($B$3:B57)) | B57: 7290 | C57: 佐藤
A58: =IF(B58="","",COUNTA($B$3:B58)) | B58: 7291 | C58: 末次
A59: =IF(B59="","",COUNTA($B$3:B59))
A60: =IF(B60="","",COUNTA($B$3:B60)) | B60: 333 | C60: 金井/奥田
A61: =IF(B61="","",COUNTA($B$3:B61)) | B61: 666 | C61: 徳留
A62: =IF(B62="","",COUNTA($B$3:B62)) | B62: 777
A63: =IF(B63="","",COUNTA($B$3:B63)) | B63: 330
A64: =IF(B64="","",COUNTA($B$3:B64)) | B64: 990 | C64: 山原
A65: =IF(B65="","",COUNTA($B$3:B65))
A66: =IF(B66="","",COUNTA($B$3:B66)) | C66: 出発→到着 | D66: 備考
A67: =IF(B67="","",COUNTA($B$3:B67)) | B67: ① | C67: 東→西 | D67: ①Aチーム優先
A68: =IF(B68="","",COUNTA($B$3:B68)) | B68: ② | C68: 東→東 | D68: ②急ぎ案件の場合、道路状況も伝えてあげる。
A69: =IF(B69="","",COUNTA($B$3:B69)) | B69: ③ | C69: 西→東 | D69: ③各ドライバーの位置からの帰社のタイミング・夕方の配置
A70: =IF(B70="","",COUNTA($B$3:B70)) | B70: ④ | C70: 西→西 | D70: ④依頼を受ける際の、希望時間と現状の位置。行けるか行けないかの判断をしっかりと。
A71: =IF(B71="","",COUNTA($B$3:B71)) | D71: ⑤軽に乗るか乗らないかの判断に気を付ける。
A72: =IF(B72="","",COUNTA($B$3:B72)) | C72: 現状配置(予測) | D72: ⑥18/1日、1.8/1人、3件/1人
A73: =IF(B73="","",COUNTA($B$3:B73)) | B73: 西(神戸西・弥栄台) | D73: ⑦依頼書の見落とし(日付、入替、入出庫、場所）
A74: =IF(B74="","",COUNTA($B$3:B74)) | B74: 真ん中(摩耶・中央) | D74: ⑧3ｔ車と2ｔ車への振り方(西と東に振り分ける)
A75: =IF(B75="","",COUNTA($B$3:B75)) | B75: 東(尼崎・伊丹・西宮) | D75: ⑨
A76: =IF(B76="","",COUNTA($B$3:B76)) | B76: 極東(港区・淀屋橋)
A77: =IF(B77="","",COUNTA($B$3:B77))
A78: =IF(B78="","",COUNTA($B$3:B78)) | C78: 合計額/380 | D78: =SUM(G78) | F78: 売り上げ額 | G78: =SUM(SUM(K3:K44))+SUM(#REF!)
A79: =IF(B79="","",COUNTA($B$3:B79))
A80: =IF(B80="","",COUNTA($B$3:B80)) | C80: 前日までの売上合計額 | D80: =SUM(B89)
A81: =IF(B81="","",COUNTA($B$3:B81)) | F81: 金井（55)
A82: =IF(B82="","",COUNTA($B$3:B82)) | D82: =D78+D80 | F82: 粟津(55)
A83: =IF(B83="","",COUNTA($B$3:B83)) | F83: 砂川(50)
A84: =IF(B84="","",COUNTA($B$3:B84)) | C84: 高代 | F84: 前川(50)
A85: =IF(B85="","",COUNTA($B$3:B85)) | C85: 返還代 | F85: 佐藤(50)
A86: =IF(B86="","",COUNTA($B$3:B86)) | C86: 回収率 | D86: =D85/D84 | F86: 末次(55)
A87: =IF(B87="","",COUNTA($B$3:B87)) | C87: 費 | D87: =D84-D85 | F87: 筒井(75)
A88: =IF(B88="","",COUNTA($B$3:B88)) | F88: 山岸(40)
A89: =IF(B89="","",COUNTA($B$3:B89)) | F89: 多苗(30)
A90: =IF(B90="","",COUNTA($B$3:B90))
A91: =IF(B91="","",COUNTA($B$3:B91))
A92: =IF(B92="","",COUNTA($B$3:B92))
A93: =IF(B93="","",COUNTA($B$3:B93))
A94: =IF(B94="","",COUNTA($B$3:B94))
A95: =IF(B95="","",COUNTA($B$3:B95))
A96: =IF(B96="","",COUNTA($B$3:B96))
A97: =IF(B97="","",COUNTA($B$3:B97))
A98: =IF(B98="","",COUNTA($B$3:B98))
A99: =IF(B99="","",COUNTA($B$3:B99))
A100: =IF(B100="","",COUNTA($B$3:B100))

Sheet 6 1 
B2: 46174 | D2: NO.１
B3: 荷主 | C3: 種類 | D3: 積込地 | E3: 積降地 | F3: ユーザー名(搬入/搬出) | G3: 時間 | H3: 号車 | J3: 特記事項 | K3: 距離 | L3: 終了地 | M3: 予定時間 | N3: 必要時間 | O3: 件数 | P3: メモ
A5: =IF(B5="","",COUNTA($B$5:B5)) | I5: =IFERROR(_xlfn.XLOOKUP(H5,案件・ドライバー一覧!$L$3:$L$17,案件・ドライバー一覧!$M$3:$M$17,""),"") | J5: =IF(OR(H5="",K5=""),"",IFERROR(_xlfn.LET(_xlpm.vt,VLOOKUP(IFERROR(VALUE(LEFT(H5,FIND("＊",H5&"＊")-1)),H5),運賃マスター!$A$22:$B$40,2,FALSE),_xlpm.d,K5,IF(_xlpm.vt="2t",IF(_xlpm.d<=100,IFERROR(VLOOKUP(_xlpm.d,運賃マスター!$A$5:$B$14,2,TRUE),運賃マスター!$B$5),運賃マスター!$B$17+CEILING((_xlpm.d-100)/10,1)*運賃マスター!$B$16),IF(_xlpm.vt="3t",IF(_xlpm.d<=100,IFERROR(VLOOKUP(_xlpm.d,運賃マスター!$E$5:$F$14,2,TRUE),運賃マスター!$F$5),運賃マスター!$F$17+CEILING((_xlpm.d-100)/10,1)*運賃マスター!$F$16),IF(_xlpm.vt="1t",IF(_xlpm.d<=100,IFERROR(VLOOKUP(_xlpm.d,運賃マスター!$I$5:$J$14,2,TRUE),運賃マスター!$J$5),運賃マスター!$J$17+CEILING((_xlpm.d-100)/10,1)*運賃マスター!$J$16),IF(_xlpm.vt="軽",IF(_xlpm.d<=50,IFERROR(VLOOKUP(_xlpm.d,運賃マスター!$M$5:$N$14,2,TRUE),運賃マスター!$N$5),IF(_xlpm.d<=100,運賃マスター!$N$15+(_xlpm.d-50)*運賃マスター!$N$16,運賃マスター!$N$17+(_xlpm.d-100)*運賃マスター!$N$18)),IF(_xlpm.vt="3tPG",IF(_xlpm.d<=100,IFERROR(VLOOKUP(_xlpm.d,運賃マスター!$Q$5:$R$14,2,TRUE),運賃マスター!$R$5),運賃マスター!$R$17+CEILING((_xlpm.d-100)/10,1)*運賃マスター!$R$16),"")))))),""))
A6: =IF(B6="","",COUNTA($B$5:B6))
A7: =IF(B7="","",COUNTA($B$5:B7))
A8: =IF(B8="","",COUNTA($B$5:B8))
A9: =IF(B9="","",COUNTA($B$5:B9)) | I9: =IFERROR(_xlfn.XLOOKUP(H9,案件・ドライバー一覧!$L$3:$L$17,案件・ドライバー一覧!$M$3:$M$17,""),"")
A10: =IF(B10="","",COUNTA($B$5:B10))
A11: =IF(B11="","",COUNTA($B$5:B11)) | J11: =IF(OR(H11="",K11=""),"",IFERROR(_xlfn.LET(_xlpm.vt,VLOOKUP(IFERROR(VALUE(LEFT(H11,FIND("＊",H11&"＊")-1)),H11),運賃マスター!$A$22:$B$40,2,FALSE),_xlpm.d,K11,IF(_xlpm.vt="2t",IF(_xlpm.d<=100,IFERROR(VLOOKUP(_xlpm.d,運賃マスター!$A$5:$B$14,2,TRUE),運賃マスター!$B$5),運賃マスター!$B$17+CEILING((_xlpm.d-100)/10,1)*運賃マスター!$B$16),IF(_xlpm.vt="3t",IF(_xlpm.d<=100,IFERROR(VLOOKUP(_xlpm.d,運賃マスター!$E$5:$F$14,2,TRUE),運賃マスター!$F$5),運賃マスター!$F$17+CEILING((_xlpm.d-100)/10,1)*運賃マスター!$F$16),IF(_xlpm.vt="1t",IF(_xlpm.d<=100,IFERROR(VLOOKUP(_xlpm.d,運賃マスター!$I$5:$J$14,2,TRUE),運賃マスター!$J$5),運賃マスター!$J$17+CEILING((_xlpm.d-100)/10,1)*運賃マスター!$J$16),IF(_xlpm.vt="軽",IF(_xlpm.d<=50,IFERROR(VLOOKUP(_xlpm.d,運賃マスター!$M$5:$N$14,2,TRUE),運賃マスター!$N$5),IF(_xlpm.d<=100,運賃マスター!$N$15+(_xlpm.d-50)*運賃マスター!$N$16,運賃マスター!$N$17+(_xlpm.d-100)*運賃マスター!$N$18)),IF(_xlpm.vt="3tPG",IF(_xlpm.d<=100,IFERROR(VLOOKUP(_xlpm.d,運賃マスター!$Q$5:$R$14,2,TRUE),運賃マスター!$R$5),運賃マスター!$R$17+CEILING((_xlpm.d-100)/10,1)*運賃マスター!$R$16),"")))))),""))
A12: =IF(B12="","",COUNTA($B$5:B12))
A13: =IF(B13="","",COUNTA($B$5:B13)) | I13: =IFERROR(_xlfn.XLOOKUP(H13,案件・ドライバー一覧!$L$3:$L$17,案件・ドライバー一覧!$M$3:$M$17,""),"")
A14: =IF(B14="","",COUNTA($B$5:B14))
A15: =IF(B15="","",COUNTA($B$5:B15)) | J15: =IF(OR(H15="",K15=""),"",IFERROR(_xlfn.LET(_xlpm.vt,VLOOKUP(IFERROR(VALUE(LEFT(H15,FIND("＊",H15&"＊")-1)),H15),運賃マスター!$A$22:$B$40,2,FALSE),_xlpm.d,K15,IF(_xlpm.vt="2t",IF(_xlpm.d<=100,IFERROR(VLOOKUP(_xlpm.d,運賃マスター!$A$5:$B$14,2,TRUE),運賃マスター!$B$5),運賃マスター!$B$17+CEILING((_xlpm.d-100)/10,1)*運賃マスター!$B$16),IF(_xlpm.vt="3t",IF(_xlpm.d<=100,IFERROR(VLOOKUP(_xlpm.d,運賃マスター!$E$5:$F$14,2,TRUE),運賃マスター!$F$5),運賃マスター!$F$17+CEILING((_xlpm.d-100)/10,1)*運賃マスター!$F$16),IF(_xlpm.vt="1t",IF(_xlpm.d<=100,IFERROR(VLOOKUP(_xlpm.d,運賃マスター!$I$5:$J$14,2,TRUE),運賃マスター!$J$5),運賃マスター!$J$17+CEILING((_xlpm.d-100)/10,1)*運賃マスター!$J$16),IF(_xlpm.vt="軽",IF(_xlpm.d<=50,IFERROR(VLOOKUP(_xlpm.d,運賃マスター!$M$5:$N$14,2,TRUE),運賃マスター!$N$5),IF(_xlpm.d<=100,運賃マスター!$N$15+(_xlpm.d-50)*運賃マスター!$N$16,運賃マスター!$N$17+(_xlpm.d-100)*運賃マスター!$N$18)),IF(_xlpm.vt="3tPG",IF(_xlpm.d<=100,IFERROR(VLOOKUP(_xlpm.d,運賃マスター!$Q$5:$R$14,2,TRUE),運賃マスター!$R$5),運賃マスター!$R$17+CEILING((_xlpm.d-100)/10,1)*運賃マスター!$R$16),"")))))),""))
A16: =IF(B16="","",COUNTA($B$5:B16)) | J16: =IF(OR(H16="",K16=""),"",IFERROR(_xlfn.LET(_xlpm.vt,VLOOKUP(IFERROR(VALUE(LEFT(H16,FIND("＊",H16&"＊")-1)),H16),運賃マスター!$A$22:$B$40,2,FALSE),_xlpm.d,K16,IF(_xlpm.vt="2t",IF(_xlpm.d<=100,IFERROR(VLOOKUP(_xlpm.d,運賃マスター!$A$5:$B$14,2,TRUE),運賃マスター!$B$5),運賃マスター!$B$17+CEILING((_xlpm.d-100)/10,1)*運賃マスター!$B$16),IF(_xlpm.vt="3t",IF(_xlpm.d<=100,IFERROR(VLOOKUP(_xlpm.d,運賃マスター!$E$5:$F$14,2,TRUE),運賃マスター!$F$5),運賃マスター!$F$17+CEILING((_xlpm.d-100)/10,1)*運賃マスター!$F$16),IF(_xlpm.vt="1t",IF(_xlpm.d<=100,IFERROR(VLOOKUP(_xlpm.d,運賃マスター!$I$5:$J$14,2,TRUE),運賃マスター!$J$5),運賃マスター!$J$17+CEILING((_xlpm.d-100)/10,1)*運賃マスター!$J$16),IF(_xlpm.vt="軽",IF(_xlpm.d<=50,IFERROR(VLOOKUP(_xlpm.d,運賃マスター!$M$5:$N$14,2,TRUE),運賃マスター!$N$5),IF(_xlpm.d<=100,運賃マスター!$N$15+(_xlpm.d-50)*運賃マスター!$N$16,運賃マスター!$N$17+(_xlpm.d-100)*運賃マスター!$N$18)),IF(_xlpm.vt="3tPG",IF(_xlpm.d<=100,IFERROR(VLOOKUP(_xlpm.d,運賃マスター!$Q$5:$R$14,2,TRUE),運賃マスター!$R$5),運賃マスター!$R$17+CEILING((_xlpm.d-100)/10,1)*運賃マスター!$R$16),"")))))),""))
J17: =IF(OR(H17="",K17=""),"",IFERROR(_xlfn.LET(_xlpm.vt,VLOOKUP(IFERROR(VALUE(LEFT(H17,FIND("＊",H17&"＊")-1)),H17),運賃マスター!$A$22:$B$40,2,FALSE),_xlpm.d,K17,IF(_xlpm.vt="2t",IF(_xlpm.d<=100,IFERROR(VLOOKUP(_xlpm.d,運賃マスター!$A$5:$B$14,2,TRUE),運賃マスター!$B$5),運賃マスター!$B$17+CEILING((_xlpm.d-100)/10,1)*運賃マスター!$B$16),IF(_xlpm.vt="3t",IF(_xlpm.d<=100,IFERROR(VLOOKUP(_xlpm.d,運賃マスター!$E$5:$F$14,2,TRUE),運賃マスター!$F$5),運賃マスター!$F$17+CEILING((_xlpm.d-100)/10,1)*運賃マスター!$F$16),IF(_xlpm.vt="1t",IF(_xlpm.d<=100,IFERROR(VLOOKUP(_xlpm.d,運賃マスター!$I$5:$J$14,2,TRUE),運賃マスター!$J$5),運賃マスター!$J$17+CEILING((_xlpm.d-100)/10,1)*運賃マスター!$J$16),IF(_xlpm.vt="軽",IF(_xlpm.d<=50,IFERROR(VLOOKUP(_xlpm.d,運賃マスター!$M$5:$N$14,2,TRUE),運賃マスター!$N$5),IF(_xlpm.d<=100,運賃マスター!$N$15+(_xlpm.d-50)*運賃マスター!$N$16,運賃マスター!$N$17+(_xlpm.d-100)*運賃マスター!$N$18)),IF(_xlpm.vt="3tPG",IF(_xlpm.d<=100,IFERROR(VLOOKUP(_xlpm.d,運賃マスター!$Q$5:$R$14,2,TRUE),運賃マスター!$R$5),運賃マスター!$R$17+CEILING((_xlpm.d-100)/10,1)*運賃マスター!$R$16),"")))))),""))
J18: =IF(OR(H18="",K18=""),"",IFERROR(_xlfn.LET(_xlpm.vt,VLOOKUP(IFERROR(VALUE(LEFT(H18,FIND("＊",H18&"＊")-1)),H18),運賃マスター!$A$22:$B$40,2,FALSE),_xlpm.d,K18,IF(_xlpm.vt="2t",IF(_xlpm.d<=100,IFERROR(VLOOKUP(_xlpm.d,運賃マスター!$A$5:$B$14,2,TRUE),運賃マスター!$B$5),運賃マスター!$B$17+CEILING((_xlpm.d-100)/10,1)*運賃マスター!$B$16),IF(_xlpm.vt="3t",IF(_xlpm.d<=100,IFERROR(VLOOKUP(_xlpm.d,運賃マスター!$E$5:$F$14,2,TRUE),運賃マスター!$F$5),運賃マスター!$F$17+CEILING((_xlpm.d-100)/10,1)*運賃マスター!$F$16),IF(_xlpm.vt="1t",IF(_xlpm.d<=100,IFERROR(VLOOKUP(_xlpm.d,運賃マスター!$I$5:$J$14,2,TRUE),運賃マスター!$J$5),運賃マスター!$J$17+CEILING((_xlpm.d-100)/10,1)*運賃マスター!$J$16),IF(_xlpm.vt="軽",IF(_xlpm.d<=50,IFERROR(VLOOKUP(_xlpm.d,運賃マスター!$M$5:$N$14,2,TRUE),運賃マスター!$N$5),IF(_xlpm.d<=100,運賃マスター!$N$15+(_xlpm.d-50)*運賃マスター!$N$16,運賃マスター!$N$17+(_xlpm.d-100)*運賃マスター!$N$18)),IF(_xlpm.vt="3tPG",IF(_xlpm.d<=100,IFERROR(VLOOKUP(_xlpm.d,運賃マスター!$Q$5:$R$14,2,TRUE),運賃マスター!$R$5),運賃マスター!$R$17+CEILING((_xlpm.d-100)/10,1)*運賃マスター!$R$16),"")))))),""))
D19: 現在待機場所 | E19: 待機予定場所 | H19: 目標距離 | J19: =IF(OR(H19="",K19=""),"",IFERROR(_xlfn.LET(_xlpm.vt,VLOOKUP(IFERROR(VALUE(LEFT(H19,FIND("＊",H19&"＊")-1)),H19),運賃マスター!$A$22:$B$40,2,FALSE),_xlpm.d,K19,IF(_xlpm.vt="2t",IF(_xlpm.d<=100,IFERROR(VLOOKUP(_xlpm.d,運賃マスター!$A$5:$B$14,2,TRUE),運賃マスター!$B$5),運賃マスター!$B$17+CEILING((_xlpm.d-100)/10,1)*運賃マスター!$B$16),IF(_xlpm.vt="3t",IF(_xlpm.d<=100,IFERROR(VLOOKUP(_xlpm.d,運賃マスター!$E$5:$F$14,2,TRUE),運賃マスター!$F$5),運賃マスター!$F$17+CEILING((_xlpm.d-100)/10,1)*運賃マスター!$F$16),IF(_xlpm.vt="1t",IF(_xlpm.d<=100,IFERROR(VLOOKUP(_xlpm.d,運賃マスター!$I$5:$J$14,2,TRUE),運賃マスター!$J$5),運賃マスター!$J$17+CEILING((_xlpm.d-100)/10,1)*運賃マスター!$J$16),IF(_xlpm.vt="軽",IF(_xlpm.d<=50,IFERROR(VLOOKUP(_xlpm.d,運賃マスター!$M$5:$N$14,2,TRUE),運賃マスター!$N$5),IF(_xlpm.d<=100,運賃マスター!$N$15+(_xlpm.d-50)*運賃マスター!$N$16,運賃マスター!$N$17+(_xlpm.d-100)*運賃マスター!$N$18)),IF(_xlpm.vt="3tPG",IF(_xlpm.d<=100,IFERROR(VLOOKUP(_xlpm.d,運賃マスター!$Q$5:$R$14,2,TRUE),運賃マスター!$R$5),運賃マスター!$R$17+CEILING((_xlpm.d-100)/10,1)*運賃マスター!$R$16),"")))))),""))
B20: 2(255) | C20: 山岸
B21: 8(254) | C21: 砂川 | H21: 残距離 | J21: =IF(OR(H21="",K21=""),"",IFERROR(_xlfn.LET(_xlpm.vt,VLOOKUP(IFERROR(VALUE(LEFT(H21,FIND("＊",H21&"＊")-1)),H21),運賃マスター!$A$22:$B$40,2,FALSE),_xlpm.d,K21,IF(_xlpm.vt="2t",IF(_xlpm.d<=100,IFERROR(VLOOKUP(_xlpm.d,運賃マスター!$A$5:$B$14,2,TRUE),運賃マスター!$B$5),運賃マスター!$B$17+CEILING((_xlpm.d-100)/10,1)*運賃マスター!$B$16),IF(_xlpm.vt="3t",IF(_xlpm.d<=100,IFERROR(VLOOKUP(_xlpm.d,運賃マスター!$E$5:$F$14,2,TRUE),運賃マスター!$F$5),運賃マスター!$F$17+CEILING((_xlpm.d-100)/10,1)*運賃マスター!$F$16),IF(_xlpm.vt="1t",IF(_xlpm.d<=100,IFERROR(VLOOKUP(_xlpm.d,運賃マスター!$I$5:$J$14,2,TRUE),運賃マスター!$J$5),運賃マスター!$J$17+CEILING((_xlpm.d-100)/10,1)*運賃マスター!$J$16),IF(_xlpm.vt="軽",IF(_xlpm.d<=50,IFERROR(VLOOKUP(_xlpm.d,運賃マスター!$M$5:$N$14,2,TRUE),運賃マスター!$N$5),IF(_xlpm.d<=100,運賃マスター!$N$15+(_xlpm.d-50)*運賃マスター!$N$16,運賃マスター!$N$17+(_xlpm.d-100)*運賃マスター!$N$18)),IF(_xlpm.vt="3tPG",IF(_xlpm.d<=100,IFERROR(VLOOKUP(_xlpm.d,運賃マスター!$Q$5:$R$14,2,TRUE),運賃マスター!$R$5),運賃マスター!$R$17+CEILING((_xlpm.d-100)/10,1)*運賃マスター!$R$16),"")))))),""))
B22: 9(256) | C22: 前川
B23: 10(257) | J23: =IF(OR(H23="",K23=""),"",IFERROR(_xlfn.LET(_xlpm.vt,VLOOKUP(IFERROR(VALUE(LEFT(H23,FIND("＊",H23&"＊")-1)),H23),運賃マスター!$A$22:$B$40,2,FALSE),_xlpm.d,K23,IF(_xlpm.vt="2t",IF(_xlpm.d<=100,IFERROR(VLOOKUP(_xlpm.d,運賃マスター!$A$5:$B$14,2,TRUE),運賃マスター!$B$5),運賃マスター!$B$17+CEILING((_xlpm.d-100)/10,1)*運賃マスター!$B$16),IF(_xlpm.vt="3t",IF(_xlpm.d<=100,IFERROR(VLOOKUP(_xlpm.d,運賃マスター!$E$5:$F$14,2,TRUE),運賃マスター!$F$5),運賃マスター!$F$17+CEILING((_xlpm.d-100)/10,1)*運賃マスター!$F$16),IF(_xlpm.vt="1t",IF(_xlpm.d<=100,IFERROR(VLOOKUP(_xlpm.d,運賃マスター!$I$5:$J$14,2,TRUE),運賃マスター!$J$5),運賃マスター!$J$17+CEILING((_xlpm.d-100)/10,1)*運賃マスター!$J$16),IF(_xlpm.vt="軽",IF(_xlpm.d<=50,IFERROR(VLOOKUP(_xlpm.d,運賃マスター!$M$5:$N$14,2,TRUE),運賃マスター!$N$5),IF(_xlpm.d<=100,運賃マスター!$N$15+(_xlpm.d-50)*運賃マスター!$N$16,運賃マスター!$N$17+(_xlpm.d-100)*運賃マスター!$N$18)),IF(_xlpm.vt="3tPG",IF(_xlpm.d<=100,IFERROR(VLOOKUP(_xlpm.d,運賃マスター!$Q$5:$R$14,2,TRUE),運賃マスター!$R$5),運賃マスター!$R$17+CEILING((_xlpm.d-100)/10,1)*運賃マスター!$R$16),"")))))),""))
B24: 11(258) | C24: 郡司 | H24: 依頼件数 | J24: =IF(OR(H24="",K24=""),"",IFERROR(_xlfn.LET(_xlpm.vt,VLOOKUP(IFERROR(VALUE(LEFT(H24,FIND("＊",H24&"＊")-1)),H24),運賃マスター!$A$22:$B$40,2,FALSE),_xlpm.d,K24,IF(_xlpm.vt="2t",IF(_xlpm.d<=100,IFERROR(VLOOKUP(_xlpm.d,運賃マスター!$A$5:$B$14,2,TRUE),運賃マスター!$B$5),運賃マスター!$B$17+CEILING((_xlpm.d-100)/10,1)*運賃マスター!$B$16),IF(_xlpm.vt="3t",IF(_xlpm.d<=100,IFERROR(VLOOKUP(_xlpm.d,運賃マスター!$E$5:$F$14,2,TRUE),運賃マスター!$F$5),運賃マスター!$F$17+CEILING((_xlpm.d-100)/10,1)*運賃マスター!$F$16),IF(_xlpm.vt="1t",IF(_xlpm.d<=100,IFERROR(VLOOKUP(_xlpm.d,運賃マスター!$I$5:$J$14,2,TRUE),運賃マスター!$J$5),運賃マスター!$J$17+CEILING((_xlpm.d-100)/10,1)*運賃マスター!$J$16),IF(_xlpm.vt="軽",IF(_xlpm.d<=50,IFERROR(VLOOKUP(_xlpm.d,運賃マスター!$M$5:$N$14,2,TRUE),運賃マスター!$N$5),IF(_xlpm.d<=100,運賃マスター!$N$15+(_xlpm.d-50)*運賃マスター!$N$16,運賃マスター!$N$17+(_xlpm.d-100)*運賃マスター!$N$18)),IF(_xlpm.vt="3tPG",IF(_xlpm.d<=100,IFERROR(VLOOKUP(_xlpm.d,運賃マスター!$Q$5:$R$14,2,TRUE),運賃マスター!$R$5),運賃マスター!$R$17+CEILING((_xlpm.d-100)/10,1)*運賃マスター!$R$16),"")))))),""))
B25: 12(736)
B26: 13(737) | J26: =IF(OR(H26="",K26=""),"",IFERROR(_xlfn.LET(_xlpm.vt,VLOOKUP(IFERROR(VALUE(LEFT(H26,FIND("＊",H26&"＊")-1)),H26),運賃マスター!$A$22:$B$40,2,FALSE),_xlpm.d,K26,IF(_xlpm.vt="2t",IF(_xlpm.d<=100,IFERROR(VLOOKUP(_xlpm.d,運賃マスター!$A$5:$B$14,2,TRUE),運賃マスター!$B$5),運賃マスター!$B$17+CEILING((_xlpm.d-100)/10,1)*運賃マスター!$B$16),IF(_xlpm.vt="3t",IF(_xlpm.d<=100,IFERROR(VLOOKUP(_xlpm.d,運賃マスター!$E$5:$F$14,2,TRUE),運賃マスター!$F$5),運賃マスター!$F$17+CEILING((_xlpm.d-100)/10,1)*運賃マスター!$F$16),IF(_xlpm.vt="1t",IF(_xlpm.d<=100,IFERROR(VLOOKUP(_xlpm.d,運賃マスター!$I$5:$J$14,2,TRUE),運賃マスター!$J$5),運賃マスター!$J$17+CEILING((_xlpm.d-100)/10,1)*運賃マスター!$J$16),IF(_xlpm.vt="軽",IF(_xlpm.d<=50,IFERROR(VLOOKUP(_xlpm.d,運賃マスター!$M$5:$N$14,2,TRUE),運賃マスター!$N$5),IF(_xlpm.d<=100,運賃マスター!$N$15+(_xlpm.d-50)*運賃マスター!$N$16,運賃マスター!$N$17+(_xlpm.d-100)*運賃マスター!$N$18)),IF(_xlpm.vt="3tPG",IF(_xlpm.d<=100,IFERROR(VLOOKUP(_xlpm.d,運賃マスター!$Q$5:$R$14,2,TRUE),運賃マスター!$R$5),運賃マスター!$R$17+CEILING((_xlpm.d-100)/10,1)*運賃マスター!$R$16),"")))))),""))
B27: 14(738) | C27: 辻井 | J27: =IF(OR(H27="",K27=""),"",IFERROR(_xlfn.LET(_xlpm.vt,VLOOKUP(IFERROR(VALUE(LEFT(H27,FIND("＊",H27&"＊")-1)),H27),運賃マスター!$A$22:$B$40,2,FALSE),_xlpm.d,K27,IF(_xlpm.vt="2t",IF(_xlpm.d<=100,IFERROR(VLOOKUP(_xlpm.d,運賃マスター!$A$5:$B$14,2,TRUE),運賃マスター!$B$5),運賃マスター!$B$17+CEILING((_xlpm.d-100)/10,1)*運賃マスター!$B$16),IF(_xlpm.vt="3t",IF(_xlpm.d<=100,IFERROR(VLOOKUP(_xlpm.d,運賃マスター!$E$5:$F$14,2,TRUE),運賃マスター!$F$5),運賃マスター!$F$17+CEILING((_xlpm.d-100)/10,1)*運賃マスター!$F$16),IF(_xlpm.vt="1t",IF(_xlpm.d<=100,IFERROR(VLOOKUP(_xlpm.d,運賃マスター!$I$5:$J$14,2,TRUE),運賃マスター!$J$5),運賃マスター!$J$17+CEILING((_xlpm.d-100)/10,1)*運賃マスター!$J$16),IF(_xlpm.vt="軽",IF(_xlpm.d<=50,IFERROR(VLOOKUP(_xlpm.d,運賃マスター!$M$5:$N$14,2,TRUE),運賃マスター!$N$5),IF(_xlpm.d<=100,運賃マスター!$N$15+(_xlpm.d-50)*運賃マスター!$N$16,運賃マスター!$N$17+(_xlpm.d-100)*運賃マスター!$N$18)),IF(_xlpm.vt="3tPG",IF(_xlpm.d<=100,IFERROR(VLOOKUP(_xlpm.d,運賃マスター!$Q$5:$R$14,2,TRUE),運賃マスター!$R$5),運賃マスター!$R$17+CEILING((_xlpm.d-100)/10,1)*運賃マスター!$R$16),"")))))),""))
J28: =IF(OR(H28="",K28=""),"",IFERROR(_xlfn.LET(_xlpm.vt,VLOOKUP(IFERROR(VALUE(LEFT(H28,FIND("＊",H28&"＊")-1)),H28),運賃マスター!$A$22:$B$40,2,FALSE),_xlpm.d,K28,IF(_xlpm.vt="2t",IF(_xlpm.d<=100,IFERROR(VLOOKUP(_xlpm.d,運賃マスター!$A$5:$B$14,2,TRUE),運賃マスター!$B$5),運賃マスター!$B$17+CEILING((_xlpm.d-100)/10,1)*運賃マスター!$B$16),IF(_xlpm.vt="3t",IF(_xlpm.d<=100,IFERROR(VLOOKUP(_xlpm.d,運賃マスター!$E$5:$F$14,2,TRUE),運賃マスター!$F$5),運賃マスター!$F$17+CEILING((_xlpm.d-100)/10,1)*運賃マスター!$F$16),IF(_xlpm.vt="1t",IF(_xlpm.d<=100,IFERROR(VLOOKUP(_xlpm.d,運賃マスター!$I$5:$J$14,2,TRUE),運賃マスター!$J$5),運賃マスター!$J$17+CEILING((_xlpm.d-100)/10,1)*運賃マスター!$J$16),IF(_xlpm.vt="軽",IF(_xlpm.d<=50,IFERROR(VLOOKUP(_xlpm.d,運賃マスター!$M$5:$N$14,2,TRUE),運賃マスター!$N$5),IF(_xlpm.d<=100,運賃マスター!$N$15+(_xlpm.d-50)*運賃マスター!$N$16,運賃マスター!$N$17+(_xlpm.d-100)*運賃マスター!$N$18)),IF(_xlpm.vt="3tPG",IF(_xlpm.d<=100,IFERROR(VLOOKUP(_xlpm.d,運賃マスター!$Q$5:$R$14,2,TRUE),運賃マスター!$R$5),運賃マスター!$R$17+CEILING((_xlpm.d-100)/10,1)*運賃マスター!$R$16),"")))))),""))
B29: 7290 | C29: 佐藤 | J29: =IF(OR(H29="",K29=""),"",IFERROR(_xlfn.LET(_xlpm.vt,VLOOKUP(IFERROR(VALUE(LEFT(H29,FIND("＊",H29&"＊")-1)),H29),運賃マスター!$A$22:$B$40,2,FALSE),_xlpm.d,K29,IF(_xlpm.vt="2t",IF(_xlpm.d<=100,IFERROR(VLOOKUP(_xlpm.d,運賃マスター!$A$5:$B$14,2,TRUE),運賃マスター!$B$5),運賃マスター!$B$17+CEILING((_xlpm.d-100)/10,1)*運賃マスター!$B$16),IF(_xlpm.vt="3t",IF(_xlpm.d<=100,IFERROR(VLOOKUP(_xlpm.d,運賃マスター!$E$5:$F$14,2,TRUE),運賃マスター!$F$5),運賃マスター!$F$17+CEILING((_xlpm.d-100)/10,1)*運賃マスター!$F$16),IF(_xlpm.vt="1t",IF(_xlpm.d<=100,IFERROR(VLOOKUP(_xlpm.d,運賃マスター!$I$5:$J$14,2,TRUE),運賃マスター!$J$5),運賃マスター!$J$17+CEILING((_xlpm.d-100)/10,1)*運賃マスター!$J$16),IF(_xlpm.vt="軽",IF(_xlpm.d<=50,IFERROR(VLOOKUP(_xlpm.d,運賃マスター!$M$5:$N$14,2,TRUE),運賃マスター!$N$5),IF(_xlpm.d<=100,運賃マスター!$N$15+(_xlpm.d-50)*運賃マスター!$N$16,運賃マスター!$N$17+(_xlpm.d-100)*運賃マスター!$N$18)),IF(_xlpm.vt="3tPG",IF(_xlpm.d<=100,IFERROR(VLOOKUP(_xlpm.d,運賃マスター!$Q$5:$R$14,2,TRUE),運賃マスター!$R$5),運賃マスター!$R$17+CEILING((_xlpm.d-100)/10,1)*運賃マスター!$R$16),"")))))),""))
B30: 7291 | C30: 末次 | J30: =IF(OR(H30="",K30=""),"",IFERROR(_xlfn.LET(_xlpm.vt,VLOOKUP(IFERROR(VALUE(LEFT(H30,FIND("＊",H30&"＊")-1)),H30),運賃マスター!$A$22:$B$40,2,FALSE),_xlpm.d,K30,IF(_xlpm.vt="2t",IF(_xlpm.d<=100,IFERROR(VLOOKUP(_xlpm.d,運賃マスター!$A$5:$B$14,2,TRUE),運賃マスター!$B$5),運賃マスター!$B$17+CEILING((_xlpm.d-100)/10,1)*運賃マスター!$B$16),IF(_xlpm.vt="3t",IF(_xlpm.d<=100,IFERROR(VLOOKUP(_xlpm.d,運賃マスター!$E$5:$F$14,2,TRUE),運賃マスター!$F$5),運賃マスター!$F$17+CEILING((_xlpm.d-100)/10,1)*運賃マスター!$F$16),IF(_xlpm.vt="1t",IF(_xlpm.d<=100,IFERROR(VLOOKUP(_xlpm.d,運賃マスター!$I$5:$J$14,2,TRUE),運賃マスター!$J$5),運賃マスター!$J$17+CEILING((_xlpm.d-100)/10,1)*運賃マスター!$J$16),IF(_xlpm.vt="軽",IF(_xlpm.d<=50,IFERROR(VLOOKUP(_xlpm.d,運賃マスター!$M$5:$N$14,2,TRUE),運賃マスター!$N$5),IF(_xlpm.d<=100,運賃マスター!$N$15+(_xlpm.d-50)*運賃マスター!$N$16,運賃マスター!$N$17+(_xlpm.d-100)*運賃マスター!$N$18)),IF(_xlpm.vt="3tPG",IF(_xlpm.d<=100,IFERROR(VLOOKUP(_xlpm.d,運賃マスター!$Q$5:$R$14,2,TRUE),運賃マスター!$R$5),運賃マスター!$R$17+CEILING((_xlpm.d-100)/10,1)*運賃マスター!$R$16),"")))))),""))
J31: =IF(OR(H31="",K31=""),"",IFERROR(_xlfn.LET(_xlpm.vt,VLOOKUP(IFERROR(VALUE(LEFT(H31,FIND("＊",H31&"＊")-1)),H31),運賃マスター!$A$22:$B$40,2,FALSE),_xlpm.d,K31,IF(_xlpm.vt="2t",IF(_xlpm.d<=100,IFERROR(VLOOKUP(_xlpm.d,運賃マスター!$A$5:$B$14,2,TRUE),運賃マスター!$B$5),運賃マスター!$B$17+CEILING((_xlpm.d-100)/10,1)*運賃マスター!$B$16),IF(_xlpm.vt="3t",IF(_xlpm.d<=100,IFERROR(VLOOKUP(_xlpm.d,運賃マスター!$E$5:$F$14,2,TRUE),運賃マスター!$F$5),運賃マスター!$F$17+CEILING((_xlpm.d-100)/10,1)*運賃マスター!$F$16),IF(_xlpm.vt="1t",IF(_xlpm.d<=100,IFERROR(VLOOKUP(_xlpm.d,運賃マスター!$I$5:$J$14,2,TRUE),運賃マスター!$J$5),運賃マスター!$J$17+CEILING((_xlpm.d-100)/10,1)*運賃マスター!$J$16),IF(_xlpm.vt="軽",IF(_xlpm.d<=50,IFERROR(VLOOKUP(_xlpm.d,運賃マスター!$M$5:$N$14,2,TRUE),運賃マスター!$N$5),IF(_xlpm.d<=100,運賃マスター!$N$15+(_xlpm.d-50)*運賃マスター!$N$16,運賃マスター!$N$17+(_xlpm.d-100)*運賃マスター!$N$18)),IF(_xlpm.vt="3tPG",IF(_xlpm.d<=100,IFERROR(VLOOKUP(_xlpm.d,運賃マスター!$Q$5:$R$14,2,TRUE),運賃マスター!$R$5),運賃マスター!$R$17+CEILING((_xlpm.d-100)/10,1)*運賃マスター!$R$16),"")))))),""))
B32: 333 | C32: 金井/奥田 | J32: =IF(OR(H32="",K32=""),"",IFERROR(_xlfn.LET(_xlpm.vt,VLOOKUP(IFERROR(VALUE(LEFT(H32,FIND("＊",H32&"＊")-1)),H32),運賃マスター!$A$22:$B$40,2,FALSE),_xlpm.d,K32,IF(_xlpm.vt="2t",IF(_xlpm.d<=100,IFERROR(VLOOKUP(_xlpm.d,運賃マスター!$A$5:$B$14,2,TRUE),運賃マスター!$B$5),運賃マスター!$B$17+CEILING((_xlpm.d-100)/10,1)*運賃マスター!$B$16),IF(_xlpm.vt="3t",IF(_xlpm.d<=100,IFERROR(VLOOKUP(_xlpm.d,運賃マスター!$E$5:$F$14,2,TRUE),運賃マスター!$F$5),運賃マスター!$F$17+CEILING((_xlpm.d-100)/10,1)*運賃マスター!$F$16),IF(_xlpm.vt="1t",IF(_xlpm.d<=100,IFERROR(VLOOKUP(_xlpm.d,運賃マスター!$I$5:$J$14,2,TRUE),運賃マスター!$J$5),運賃マスター!$J$17+CEILING((_xlpm.d-100)/10,1)*運賃マスター!$J$16),IF(_xlpm.vt="軽",IF(_xlpm.d<=50,IFERROR(VLOOKUP(_xlpm.d,運賃マスター!$M$5:$N$14,2,TRUE),運賃マスター!$N$5),IF(_xlpm.d<=100,運賃マスター!$N$15+(_xlpm.d-50)*運賃マスター!$N$16,運賃マスター!$N$17+(_xlpm.d-100)*運賃マスター!$N$18)),IF(_xlpm.vt="3tPG",IF(_xlpm.d<=100,IFERROR(VLOOKUP(_xlpm.d,運賃マスター!$Q$5:$R$14,2,TRUE),運賃マスター!$R$5),運賃マスター!$R$17+CEILING((_xlpm.d-100)/10,1)*運賃マスター!$R$16),"")))))),""))
B33: 666 | C33: 徳留 | J33: =IF(OR(H33="",K33=""),"",IFERROR(_xlfn.LET(_xlpm.vt,VLOOKUP(IFERROR(VALUE(LEFT(H33,FIND("＊",H33&"＊")-1)),H33),運賃マスター!$A$22:$B$40,2,FALSE),_xlpm.d,K33,IF(_xlpm.vt="2t",IF(_xlpm.d<=100,IFERROR(VLOOKUP(_xlpm.d,運賃マスター!$A$5:$B$14,2,TRUE),運賃マスター!$B$5),運賃マスター!$B$17+CEILING((_xlpm.d-100)/10,1)*運賃マスター!$B$16),IF(_xlpm.vt="3t",IF(_xlpm.d<=100,IFERROR(VLOOKUP(_xlpm.d,運賃マスター!$E$5:$F$14,2,TRUE),運賃マスター!$F$5),運賃マスター!$F$17+CEILING((_xlpm.d-100)/10,1)*運賃マスター!$F$16),IF(_xlpm.vt="1t",IF(_xlpm.d<=100,IFERROR(VLOOKUP(_xlpm.d,運賃マスター!$I$5:$J$14,2,TRUE),運賃マスター!$J$5),運賃マスター!$J$17+CEILING((_xlpm.d-100)/10,1)*運賃マスター!$J$16),IF(_xlpm.vt="軽",IF(_xlpm.d<=50,IFERROR(VLOOKUP(_xlpm.d,運賃マスター!$M$5:$N$14,2,TRUE),運賃マスター!$N$5),IF(_xlpm.d<=100,運賃マスター!$N$15+(_xlpm.d-50)*運賃マスター!$N$16,運賃マスター!$N$17+(_xlpm.d-100)*運賃マスター!$N$18)),IF(_xlpm.vt="3tPG",IF(_xlpm.d<=100,IFERROR(VLOOKUP(_xlpm.d,運賃マスター!$Q$5:$R$14,2,TRUE),運賃マスター!$R$5),運賃マスター!$R$17+CEILING((_xlpm.d-100)/10,1)*運賃マスター!$R$16),"")))))),""))
B34: 777 | J34: =IF(OR(H34="",K34=""),"",IFERROR(_xlfn.LET(_xlpm.vt,VLOOKUP(IFERROR(VALUE(LEFT(H34,FIND("＊",H34&"＊")-1)),H34),運賃マスター!$A$22:$B$40,2,FALSE),_xlpm.d,K34,IF(_xlpm.vt="2t",IF(_xlpm.d<=100,IFERROR(VLOOKUP(_xlpm.d,運賃マスター!$A$5:$B$14,2,TRUE),運賃マスター!$B$5),運賃マスター!$B$17+CEILING((_xlpm.d-100)/10,1)*運賃マスター!$B$16),IF(_xlpm.vt="3t",IF(_xlpm.d<=100,IFERROR(VLOOKUP(_xlpm.d,運賃マスター!$E$5:$F$14,2,TRUE),運賃マスター!$F$5),運賃マスター!$F$17+CEILING((_xlpm.d-100)/10,1)*運賃マスター!$F$16),IF(_xlpm.vt="1t",IF(_xlpm.d<=100,IFERROR(VLOOKUP(_xlpm.d,運賃マスター!$I$5:$J$14,2,TRUE),運賃マスター!$J$5),運賃マスター!$J$17+CEILING((_xlpm.d-100)/10,1)*運賃マスター!$J$16),IF(_xlpm.vt="軽",IF(_xlpm.d<=50,IFERROR(VLOOKUP(_xlpm.d,運賃マスター!$M$5:$N$14,2,TRUE),運賃マスター!$N$5),IF(_xlpm.d<=100,運賃マスター!$N$15+(_xlpm.d-50)*運賃マスター!$N$16,運賃マスター!$N$17+(_xlpm.d-100)*運賃マスター!$N$18)),IF(_xlpm.vt="3tPG",IF(_xlpm.d<=100,IFERROR(VLOOKUP(_xlpm.d,運賃マスター!$Q$5:$R$14,2,TRUE),運賃マスター!$R$5),運賃マスター!$R$17+CEILING((_xlpm.d-100)/10,1)*運賃マスター!$R$16),"")))))),""))
B35: 330 | J35: =IF(OR(H35="",K35=""),"",IFERROR(_xlfn.LET(_xlpm.vt,VLOOKUP(IFERROR(VALUE(LEFT(H35,FIND("＊",H35&"＊")-1)),H35),運賃マスター!$A$22:$B$40,2,FALSE),_xlpm.d,K35,IF(_xlpm.vt="2t",IF(_xlpm.d<=100,IFERROR(VLOOKUP(_xlpm.d,運賃マスター!$A$5:$B$14,2,TRUE),運賃マスター!$B$5),運賃マスター!$B$17+CEILING((_xlpm.d-100)/10,1)*運賃マスター!$B$16),IF(_xlpm.vt="3t",IF(_xlpm.d<=100,IFERROR(VLOOKUP(_xlpm.d,運賃マスター!$E$5:$F$14,2,TRUE),運賃マスター!$F$5),運賃マスター!$F$17+CEILING((_xlpm.d-100)/10,1)*運賃マスター!$F$16),IF(_xlpm.vt="1t",IF(_xlpm.d<=100,IFERROR(VLOOKUP(_xlpm.d,運賃マスター!$I$5:$J$14,2,TRUE),運賃マスター!$J$5),運賃マスター!$J$17+CEILING((_xlpm.d-100)/10,1)*運賃マスター!$J$16),IF(_xlpm.vt="軽",IF(_xlpm.d<=50,IFERROR(VLOOKUP(_xlpm.d,運賃マスター!$M$5:$N$14,2,TRUE),運賃マスター!$N$5),IF(_xlpm.d<=100,運賃マスター!$N$15+(_xlpm.d-50)*運賃マスター!$N$16,運賃マスター!$N$17+(_xlpm.d-100)*運賃マスター!$N$18)),IF(_xlpm.vt="3tPG",IF(_xlpm.d<=100,IFERROR(VLOOKUP(_xlpm.d,運賃マスター!$Q$5:$R$14,2,TRUE),運賃マスター!$R$5),運賃マスター!$R$17+CEILING((_xlpm.d-100)/10,1)*運賃マスター!$R$16),"")))))),""))
B36: 990 | C36: 山原 | J36: =IF(OR(H36="",K36=""),"",IFERROR(_xlfn.LET(_xlpm.vt,VLOOKUP(IFERROR(VALUE(LEFT(H36,FIND("＊",H36&"＊")-1)),H36),運賃マスター!$A$22:$B$40,2,FALSE),_xlpm.d,K36,IF(_xlpm.vt="2t",IF(_xlpm.d<=100,IFERROR(VLOOKUP(_xlpm.d,運賃マスター!$A$5:$B$14,2,TRUE),運賃マスター!$B$5),運賃マスター!$B$17+CEILING((_xlpm.d-100)/10,1)*運賃マスター!$B$16),IF(_xlpm.vt="3t",IF(_xlpm.d<=100,IFERROR(VLOOKUP(_xlpm.d,運賃マスター!$E$5:$F$14,2,TRUE),運賃マスター!$F$5),運賃マスター!$F$17+CEILING((_xlpm.d-100)/10,1)*運賃マスター!$F$16),IF(_xlpm.vt="1t",IF(_xlpm.d<=100,IFERROR(VLOOKUP(_xlpm.d,運賃マスター!$I$5:$J$14,2,TRUE),運賃マスター!$J$5),運賃マスター!$J$17+CEILING((_xlpm.d-100)/10,1)*運賃マスター!$J$16),IF(_xlpm.vt="軽",IF(_xlpm.d<=50,IFERROR(VLOOKUP(_xlpm.d,運賃マスター!$M$5:$N$14,2,TRUE),運賃マスター!$N$5),IF(_xlpm.d<=100,運賃マスター!$N$15+(_xlpm.d-50)*運賃マスター!$N$16,運賃マスター!$N$17+(_xlpm.d-100)*運賃マスター!$N$18)),IF(_xlpm.vt="3tPG",IF(_xlpm.d<=100,IFERROR(VLOOKUP(_xlpm.d,運賃マスター!$Q$5:$R$14,2,TRUE),運賃マスター!$R$5),運賃マスター!$R$17+CEILING((_xlpm.d-100)/10,1)*運賃マスター!$R$16),"")))))),""))
J37: =IF(OR(H37="",K37=""),"",IFERROR(_xlfn.LET(_xlpm.vt,VLOOKUP(IFERROR(VALUE(LEFT(H37,FIND("＊",H37&"＊")-1)),H37),運賃マスター!$A$22:$B$40,2,FALSE),_xlpm.d,K37,IF(_xlpm.vt="2t",IF(_xlpm.d<=100,IFERROR(VLOOKUP(_xlpm.d,運賃マスター!$A$5:$B$14,2,TRUE),運賃マスター!$B$5),運賃マスター!$B$17+CEILING((_xlpm.d-100)/10,1)*運賃マスター!$B$16),IF(_xlpm.vt="3t",IF(_xlpm.d<=100,IFERROR(VLOOKUP(_xlpm.d,運賃マスター!$E$5:$F$14,2,TRUE),運賃マスター!$F$5),運賃マスター!$F$17+CEILING((_xlpm.d-100)/10,1)*運賃マスター!$F$16),IF(_xlpm.vt="1t",IF(_xlpm.d<=100,IFERROR(VLOOKUP(_xlpm.d,運賃マスター!$I$5:$J$14,2,TRUE),運賃マスター!$J$5),運賃マスター!$J$17+CEILING((_xlpm.d-100)/10,1)*運賃マスター!$J$16),IF(_xlpm.vt="軽",IF(_xlpm.d<=50,IFERROR(VLOOKUP(_xlpm.d,運賃マスター!$M$5:$N$14,2,TRUE),運賃マスター!$N$5),IF(_xlpm.d<=100,運賃マスター!$N$15+(_xlpm.d-50)*運賃マスター!$N$16,運賃マスター!$N$17+(_xlpm.d-100)*運賃マスター!$N$18)),IF(_xlpm.vt="3tPG",IF(_xlpm.d<=100,IFERROR(VLOOKUP(_xlpm.d,運賃マスター!$Q$5:$R$14,2,TRUE),運賃マスター!$R$5),運賃マスター!$R$17+CEILING((_xlpm.d-100)/10,1)*運賃マスター!$R$16),"")))))),""))
C38: 出発→到着 | D38: 備考 | J38: =IF(OR(H38="",K38=""),"",IFERROR(_xlfn.LET(_xlpm.vt,VLOOKUP(IFERROR(VALUE(LEFT(H38,FIND("＊",H38&"＊")-1)),H38),運賃マスター!$A$22:$B$40,2,FALSE),_xlpm.d,K38,IF(_xlpm.vt="2t",IF(_xlpm.d<=100,IFERROR(VLOOKUP(_xlpm.d,運賃マスター!$A$5:$B$14,2,TRUE),運賃マスター!$B$5),運賃マスター!$B$17+CEILING((_xlpm.d-100)/10,1)*運賃マスター!$B$16),IF(_xlpm.vt="3t",IF(_xlpm.d<=100,IFERROR(VLOOKUP(_xlpm.d,運賃マスター!$E$5:$F$14,2,TRUE),運賃マスター!$F$5),運賃マスター!$F$17+CEILING((_xlpm.d-100)/10,1)*運賃マスター!$F$16),IF(_xlpm.vt="1t",IF(_xlpm.d<=100,IFERROR(VLOOKUP(_xlpm.d,運賃マスター!$I$5:$J$14,2,TRUE),運賃マスター!$J$5),運賃マスター!$J$17+CEILING((_xlpm.d-100)/10,1)*運賃マスター!$J$16),IF(_xlpm.vt="軽",IF(_xlpm.d<=50,IFERROR(VLOOKUP(_xlpm.d,運賃マスター!$M$5:$N$14,2,TRUE),運賃マスター!$N$5),IF(_xlpm.d<=100,運賃マスター!$N$15+(_xlpm.d-50)*運賃マスター!$N$16,運賃マスター!$N$17+(_xlpm.d-100)*運賃マスター!$N$18)),IF(_xlpm.vt="3tPG",IF(_xlpm.d<=100,IFERROR(VLOOKUP(_xlpm.d,運賃マスター!$Q$5:$R$14,2,TRUE),運賃マスター!$R$5),運賃マスター!$R$17+CEILING((_xlpm.d-100)/10,1)*運賃マスター!$R$16),"")))))),""))
B39: ① | C39: 東→西 | D39: ①Aチーム優先 | J39: =IF(OR(H39="",K39=""),"",IFERROR(_xlfn.LET(_xlpm.vt,VLOOKUP(IFERROR(VALUE(LEFT(H39,FIND("＊",H39&"＊")-1)),H39),運賃マスター!$A$22:$B$40,2,FALSE),_xlpm.d,K39,IF(_xlpm.vt="2t",IF(_xlpm.d<=100,IFERROR(VLOOKUP(_xlpm.d,運賃マスター!$A$5:$B$14,2,TRUE),運賃マスター!$B$5),運賃マスター!$B$17+CEILING((_xlpm.d-100)/10,1)*運賃マスター!$B$16),IF(_xlpm.vt="3t",IF(_xlpm.d<=100,IFERROR(VLOOKUP(_xlpm.d,運賃マスター!$E$5:$F$14,2,TRUE),運賃マスター!$F$5),運賃マスター!$F$17+CEILING((_xlpm.d-100)/10,1)*運賃マスター!$F$16),IF(_xlpm.vt="1t",IF(_xlpm.d<=100,IFERROR(VLOOKUP(_xlpm.d,運賃マスター!$I$5:$J$14,2,TRUE),運賃マスター!$J$5),運賃マスター!$J$17+CEILING((_xlpm.d-100)/10,1)*運賃マスター!$J$16),IF(_xlpm.vt="軽",IF(_xlpm.d<=50,IFERROR(VLOOKUP(_xlpm.d,運賃マスター!$M$5:$N$14,2,TRUE),運賃マスター!$N$5),IF(_xlpm.d<=100,運賃マスター!$N$15+(_xlpm.d-50)*運賃マスター!$N$16,運賃マスター!$N$17+(_xlpm.d-100)*運賃マスター!$N$18)),IF(_xlpm.vt="3tPG",IF(_xlpm.d<=100,IFERROR(VLOOKUP(_xlpm.d,運賃マスター!$Q$5:$R$14,2,TRUE),運賃マスター!$R$5),運賃マスター!$R$17+CEILING((_xlpm.d-100)/10,1)*運賃マスター!$R$16),"")))))),""))
B40: ② | C40: 東→東 | D40: ②急ぎ案件の場合、道路状況も伝えてあげる。 | J40: =IF(OR(H40="",K40=""),"",IFERROR(_xlfn.LET(_xlpm.vt,VLOOKUP(IFERROR(VALUE(LEFT(H40,FIND("＊",H40&"＊")-1)),H40),運賃マスター!$A$22:$B$40,2,FALSE),_xlpm.d,K40,IF(_xlpm.vt="2t",IF(_xlpm.d<=100,IFERROR(VLOOKUP(_xlpm.d,運賃マスター!$A$5:$B$14,2,TRUE),運賃マスター!$B$5),運賃マスター!$B$17+CEILING((_xlpm.d-100)/10,1)*運賃マスター!$B$16),IF(_xlpm.vt="3t",IF(_xlpm.d<=100,IFERROR(VLOOKUP(_xlpm.d,運賃マスター!$E$5:$F$14,2,TRUE),運賃マスター!$F$5),運賃マスター!$F$17+CEILING((_xlpm.d-100)/10,1)*運賃マスター!$F$16),IF(_xlpm.vt="1t",IF(_xlpm.d<=100,IFERROR(VLOOKUP(_xlpm.d,運賃マスター!$I$5:$J$14,2,TRUE),運賃マスター!$J$5),運賃マスター!$J$17+CEILING((_xlpm.d-100)/10,1)*運賃マスター!$J$16),IF(_xlpm.vt="軽",IF(_xlpm.d<=50,IFERROR(VLOOKUP(_xlpm.d,運賃マスター!$M$5:$N$14,2,TRUE),運賃マスター!$N$5),IF(_xlpm.d<=100,運賃マスター!$N$15+(_xlpm.d-50)*運賃マスター!$N$16,運賃マスター!$N$17+(_xlpm.d-100)*運賃マスター!$N$18)),IF(_xlpm.vt="3tPG",IF(_xlpm.d<=100,IFERROR(VLOOKUP(_xlpm.d,運賃マスター!$Q$5:$R$14,2,TRUE),運賃マスター!$R$5),運賃マスター!$R$17+CEILING((_xlpm.d-100)/10,1)*運賃マスター!$R$16),"")))))),""))
B41: ③ | C41: 西→東 | D41: ③各ドライバーの位置からの帰社のタイミング・夕方の配置 | J41: =IF(OR(H41="",K41=""),"",IFERROR(_xlfn.LET(_xlpm.vt,VLOOKUP(IFERROR(VALUE(LEFT(H41,FIND("＊",H41&"＊")-1)),H41),運賃マスター!$A$22:$B$40,2,FALSE),_xlpm.d,K41,IF(_xlpm.vt="2t",IF(_xlpm.d<=100,IFERROR(VLOOKUP(_xlpm.d,運賃マスター!$A$5:$B$14,2,TRUE),運賃マスター!$B$5),運賃マスター!$B$17+CEILING((_xlpm.d-100)/10,1)*運賃マスター!$B$16),IF(_xlpm.vt="3t",IF(_xlpm.d<=100,IFERROR(VLOOKUP(_xlpm.d,運賃マスター!$E$5:$F$14,2,TRUE),運賃マスター!$F$5),運賃マスター!$F$17+CEILING((_xlpm.d-100)/10,1)*運賃マスター!$F$16),IF(_xlpm.vt="1t",IF(_xlpm.d<=100,IFERROR(VLOOKUP(_xlpm.d,運賃マスター!$I$5:$J$14,2,TRUE),運賃マスター!$J$5),運賃マスター!$J$17+CEILING((_xlpm.d-100)/10,1)*運賃マスター!$J$16),IF(_xlpm.vt="軽",IF(_xlpm.d<=50,IFERROR(VLOOKUP(_xlpm.d,運賃マスター!$M$5:$N$14,2,TRUE),運賃マスター!$N$5),IF(_xlpm.d<=100,運賃マスター!$N$15+(_xlpm.d-50)*運賃マスター!$N$16,運賃マスター!$N$17+(_xlpm.d-100)*運賃マスター!$N$18)),IF(_xlpm.vt="3tPG",IF(_xlpm.d<=100,IFERROR(VLOOKUP(_xlpm.d,運賃マスター!$Q$5:$R$14,2,TRUE),運賃マスター!$R$5),運賃マスター!$R$17+CEILING((_xlpm.d-100)/10,1)*運賃マスター!$R$16),"")))))),""))
B42: ④ | C42: 西→西 | D42: ④依頼を受ける際の、希望時間と現状の位置。行けるか行けないかの判断をしっかりと。
D43: ⑤軽に乗るか乗らないかの判断に気を付ける。
C44: 現状配置(予測) | D44: ⑥18/1日、1.8/1人、3件/1人
B45: 西(神戸西・弥栄台) | D45: ⑦依頼書の見落とし(日付、入替、入出庫、場所）
B46: 真ん中(摩耶・中央) | D46: ⑧3ｔ車と2ｔ車への振り方(西と東に振り分ける)
B47: 東(尼崎・伊丹・西宮) | D47: ⑨
B48: 極東(港区・淀屋橋)
C50: 合計額/380 | D50: =SUM(G50) | F50: 売り上げ額 | G50: =SUM(SUM(J4:J16))+SUM('6 1 (2)'!K4:K41)
C52: 前日までの売上合計額 | D52: 2437000
F53: 金井（55)
D54: =D50+D52 | F54: 粟津(55)
F55: 砂川(50)
C56: 高代 | F56: 前川(50)
C57: 返還代 | F57: 佐藤(50)
C58: 回収率 | D58: =D57/D56 | F58: 末次(55)
C59: 費 | D59: =D56-D57 | F59: 筒井(75)
F60: 山岸(40)
F61: 多苗(30)

Sheet 6 1  (2)
B2: 46174 | D2: NO.１
B3: 荷主 | C3: 種類 | D3: 積込地 | E3: 積降地 | F3: ユーザー名(搬入/搬出) | G3: 時間 | H3: 号車 | J3: 距離 | K3: 特記事項 | L3: 距離 | M3: メモ
B4: 山岸：休み
A5: =IF(B5="","",COUNTA($B$5:B5)) | I5: =IFERROR(_xlfn.XLOOKUP(H5,案件・ドライバー一覧!$L$3:$L$17,案件・ドライバー一覧!$M$3:$M$17,""),"") | K5: {=IF(OR(H5="",L5=""),"",IFERROR(_xlfn.LET(_xlpm.vt,VLOOKUP(IFERROR(VALUE(LEFT(H5,FIND("＊",H5&"＊")-1)),H5),運賃マスター!$A$22:$B$40,2,FALSE),_xlpm.d,L5,IF(OR(_xlpm.vt="2t",_xlpm.vt="2tユニック",_xlpm.vt="2ｔユニック"),IF(_xlpm.d<=100,IFERROR(INDEX(運賃マスター!$B$5:$B$14,MATCH(1,(運賃マスター!$A$5:$A$14>=_xlpm.d)*1,0)),運賃マスター!$B$5),運賃マスター!$B$17+CEILING((_xlpm.d-100)/10,1)*運賃マスター!$B$16),IF(OR(_xlpm.vt="3t",_xlpm.vt="3tユニック",_xlpm.vt="3ｔユニック"),IF(_xlpm.d<=100,IFERROR(INDEX(運賃マスター!$F$5:$F$14,MATCH(1,(運賃マスター!$E$5:$E$14>=_xlpm.d)*1,0)),運賃マスター!$F$5),運賃マスター!$F$17+CEILING((_xlpm.d-100)/10,1)*運賃マスター!$F$16),IF(_xlpm.vt="1t",IF(_xlpm.d<=100,IFERROR(INDEX(運賃マスター!$J$5:$J$14,MATCH(1,(運賃マスター!$I$5:$I$14>=_xlpm.d)*1,0)),運賃マスター!$J$5),運賃マスター!$J$17+CEILING((_xlpm.d-100)/10,1)*運賃マスター!$J$16),IF(_xlpm.vt="軽",IF(_xlpm.d<=50,IFERROR(INDEX(運賃マスター!$N$5:$N$14,MATCH(1,(運賃マスター!$M$5:$M$14>=_xlpm.d)*1,0)),運賃マスター!$N$5),IF(_xlpm.d<=100,運賃マスター!$N$15+(_xlpm.d-50)*運賃マスター!$N$16,運賃マスター!$N$17+(_xlpm.d-100)*運賃マスター!$N$18)),IF(_xlpm.vt="3tPG",IF(_xlpm.d<=100,IFERROR(INDEX(運賃マスター!$R$5:$R$14,MATCH(1,(運賃マスター!$Q$5:$Q$14>=_xlpm.d)*1,0)),運賃マスター!$R$5),運賃マスター!$R$17+CEILING((_xlpm.d-100)/10,1)*運賃マスター!$R$16),"")))))),""))}
A6: =IF(B6="","",COUNTA($B$5:B6)) | I6: =IFERROR(_xlfn.XLOOKUP(H6,案件・ドライバー一覧!$L$3:$L$17,案件・ドライバー一覧!$M$3:$M$17,""),"")
A7: =IF(B7="","",COUNTA($B$5:B7)) | I7: =IFERROR(_xlfn.XLOOKUP(H7,案件・ドライバー一覧!$L$3:$L$17,案件・ドライバー一覧!$M$3:$M$17,""),"") | K7: {=IF(OR(H7="",L7=""),"",IFERROR(_xlfn.LET(_xlpm.vt,VLOOKUP(IFERROR(VALUE(LEFT(H7,FIND("＊",H7&"＊")-1)),H7),運賃マスター!$A$22:$B$40,2,FALSE),_xlpm.d,L7,IF(OR(_xlpm.vt="2t",_xlpm.vt="2tユニック",_xlpm.vt="2ｔユニック"),IF(_xlpm.d<=100,IFERROR(INDEX(運賃マスター!$B$5:$B$14,MATCH(1,(運賃マスター!$A$5:$A$14>=_xlpm.d)*1,0)),運賃マスター!$B$5),運賃マスター!$B$17+CEILING((_xlpm.d-100)/10,1)*運賃マスター!$B$16),IF(OR(_xlpm.vt="3t",_xlpm.vt="3tユニック",_xlpm.vt="3ｔユニック"),IF(_xlpm.d<=100,IFERROR(INDEX(運賃マスター!$F$5:$F$14,MATCH(1,(運賃マスター!$E$5:$E$14>=_xlpm.d)*1,0)),運賃マスター!$F$5),運賃マスター!$F$17+CEILING((_xlpm.d-100)/10,1)*運賃マスター!$F$16),IF(_xlpm.vt="1t",IF(_xlpm.d<=100,IFERROR(INDEX(運賃マスター!$J$5:$J$14,MATCH(1,(運賃マスター!$I$5:$I$14>=_xlpm.d)*1,0)),運賃マスター!$J$5),運賃マスター!$J$17+CEILING((_xlpm.d-100)/10,1)*運賃マスター!$J$16),IF(_xlpm.vt="軽",IF(_xlpm.d<=50,IFERROR(INDEX(運賃マスター!$N$5:$N$14,MATCH(1,(運賃マスター!$M$5:$M$14>=_xlpm.d)*1,0)),運賃マスター!$N$5),IF(_xlpm.d<=100,運賃マスター!$N$15+(_xlpm.d-50)*運賃マスター!$N$16,運賃マスター!$N$17+(_xlpm.d-100)*運賃マスター!$N$18)),IF(_xlpm.vt="3tPG",IF(_xlpm.d<=100,IFERROR(INDEX(運賃マスター!$R$5:$R$14,MATCH(1,(運賃マスター!$Q$5:$Q$14>=_xlpm.d)*1,0)),運賃マスター!$R$5),運賃マスター!$R$17+CEILING((_xlpm.d-100)/10,1)*運賃マスター!$R$16),"")))))),""))}
A8: =IF(B8="","",COUNTA($B$5:B8)) | I8: =IFERROR(_xlfn.XLOOKUP(H8,案件・ドライバー一覧!$L$3:$L$17,案件・ドライバー一覧!$M$3:$M$17,""),"")
A9: =IF(B9="","",COUNTA($B$5:B9)) | I9: =IFERROR(_xlfn.XLOOKUP(H9,案件・ドライバー一覧!$L$3:$L$17,案件・ドライバー一覧!$M$3:$M$17,""),"") | K9: {=IF(OR(H9="",L9=""),"",IFERROR(_xlfn.LET(_xlpm.vt,VLOOKUP(IFERROR(VALUE(LEFT(H9,FIND("＊",H9&"＊")-1)),H9),運賃マスター!$A$22:$B$40,2,FALSE),_xlpm.d,L9,IF(OR(_xlpm.vt="2t",_xlpm.vt="2tユニック",_xlpm.vt="2ｔユニック"),IF(_xlpm.d<=100,IFERROR(INDEX(運賃マスター!$B$5:$B$14,MATCH(1,(運賃マスター!$A$5:$A$14>=_xlpm.d)*1,0)),運賃マスター!$B$5),運賃マスター!$B$17+CEILING((_xlpm.d-100)/10,1)*運賃マスター!$B$16),IF(OR(_xlpm.vt="3t",_xlpm.vt="3tユニック",_xlpm.vt="3ｔユニック"),IF(_xlpm.d<=100,IFERROR(INDEX(運賃マスター!$F$5:$F$14,MATCH(1,(運賃マスター!$E$5:$E$14>=_xlpm.d)*1,0)),運賃マスター!$F$5),運賃マスター!$F$17+CEILING((_xlpm.d-100)/10,1)*運賃マスター!$F$16),IF(_xlpm.vt="1t",IF(_xlpm.d<=100,IFERROR(INDEX(運賃マスター!$J$5:$J$14,MATCH(1,(運賃マスター!$I$5:$I$14>=_xlpm.d)*1,0)),運賃マスター!$J$5),運賃マスター!$J$17+CEILING((_xlpm.d-100)/10,1)*運賃マスター!$J$16),IF(_xlpm.vt="軽",IF(_xlpm.d<=50,IFERROR(INDEX(運賃マスター!$N$5:$N$14,MATCH(1,(運賃マスター!$M$5:$M$14>=_xlpm.d)*1,0)),運賃マスター!$N$5),IF(_xlpm.d<=100,運賃マスター!$N$15+(_xlpm.d-50)*運賃マスター!$N$16,運賃マスター!$N$17+(_xlpm.d-100)*運賃マスター!$N$18)),IF(_xlpm.vt="3tPG",IF(_xlpm.d<=100,IFERROR(INDEX(運賃マスター!$R$5:$R$14,MATCH(1,(運賃マスター!$Q$5:$Q$14>=_xlpm.d)*1,0)),運賃マスター!$R$5),運賃マスター!$R$17+CEILING((_xlpm.d-100)/10,1)*運賃マスター!$R$16),"")))))),""))}
A10: =IF(B10="","",COUNTA($B$5:B10)) | I10: =IFERROR(_xlfn.XLOOKUP(H10,案件・ドライバー一覧!$L$3:$L$17,案件・ドライバー一覧!$M$3:$M$17,""),"")
A11: =IF(B11="","",COUNTA($B$5:B11)) | I11: =IFERROR(_xlfn.XLOOKUP(H11,案件・ドライバー一覧!$L$3:$L$17,案件・ドライバー一覧!$M$3:$M$17,""),"")
A12: =IF(B12="","",COUNTA($B$5:B12)) | I12: =IFERROR(_xlfn.XLOOKUP(H12,案件・ドライバー一覧!$L$3:$L$17,案件・ドライバー一覧!$M$3:$M$17,""),"")
A13: =IF(B13="","",COUNTA($B$5:B13)) | I13: =IFERROR(_xlfn.XLOOKUP(H13,案件・ドライバー一覧!$L$3:$L$17,案件・ドライバー一覧!$M$3:$M$17,""),"")
A14: =IF(B14="","",COUNTA($B$5:B14)) | I14: =IFERROR(_xlfn.XLOOKUP(H14,案件・ドライバー一覧!$L$3:$L$17,案件・ドライバー一覧!$M$3:$M$17,""),"") | K14: {=IF(OR(H14="",L14=""),"",IFERROR(_xlfn.LET(_xlpm.vt,VLOOKUP(IFERROR(VALUE(LEFT(H14,FIND("＊",H14&"＊")-1)),H14),運賃マスター!$A$22:$B$40,2,FALSE),_xlpm.d,L14,IF(OR(_xlpm.vt="2t",_xlpm.vt="2tユニック",_xlpm.vt="2ｔユニック"),IF(_xlpm.d<=100,IFERROR(INDEX(運賃マスター!$B$5:$B$14,MATCH(1,(運賃マスター!$A$5:$A$14>=_xlpm.d)*1,0)),運賃マスター!$B$5),運賃マスター!$B$17+CEILING((_xlpm.d-100)/10,1)*運賃マスター!$B$16),IF(OR(_xlpm.vt="3t",_xlpm.vt="3tユニック",_xlpm.vt="3ｔユニック"),IF(_xlpm.d<=100,IFERROR(INDEX(運賃マスター!$F$5:$F$14,MATCH(1,(運賃マスター!$E$5:$E$14>=_xlpm.d)*1,0)),運賃マスター!$F$5),運賃マスター!$F$17+CEILING((_xlpm.d-100)/10,1)*運賃マスター!$F$16),IF(_xlpm.vt="1t",IF(_xlpm.d<=100,IFERROR(INDEX(運賃マスター!$J$5:$J$14,MATCH(1,(運賃マスター!$I$5:$I$14>=_xlpm.d)*1,0)),運賃マスター!$J$5),運賃マスター!$J$17+CEILING((_xlpm.d-100)/10,1)*運賃マスター!$J$16),IF(_xlpm.vt="軽",IF(_xlpm.d<=50,IFERROR(INDEX(運賃マスター!$N$5:$N$14,MATCH(1,(運賃マスター!$M$5:$M$14>=_xlpm.d)*1,0)),運賃マスター!$N$5),IF(_xlpm.d<=100,運賃マスター!$N$15+(_xlpm.d-50)*運賃マスター!$N$16,運賃マスター!$N$17+(_xlpm.d-100)*運賃マスター!$N$18)),IF(_xlpm.vt="3tPG",IF(_xlpm.d<=100,IFERROR(INDEX(運賃マスター!$R$5:$R$14,MATCH(1,(運賃マスター!$Q$5:$Q$14>=_xlpm.d)*1,0)),運賃マスター!$R$5),運賃マスター!$R$17+CEILING((_xlpm.d-100)/10,1)*運賃マスター!$R$16),"")))))),""))}
A15: =IF(B15="","",COUNTA($B$5:B15)) | I15: =IFERROR(_xlfn.XLOOKUP(H15,案件・ドライバー一覧!$L$3:$L$17,案件・ドライバー一覧!$M$3:$M$17,""),"")
A16: =IF(B16="","",COUNTA($B$5:B16))
A17: =IF(B17="","",COUNTA($B$5:B17))
A18: =IF(B18="","",COUNTA($B$5:B18))
A19: =IF(B19="","",COUNTA($B$5:B19)) | K19: {=IF(OR(H19="",L19=""),"",IFERROR(_xlfn.LET(_xlpm.vt,VLOOKUP(IFERROR(VALUE(LEFT(H19,FIND("＊",H19&"＊")-1)),H19),運賃マスター!$A$22:$B$40,2,FALSE),_xlpm.d,L19,IF(OR(_xlpm.vt="2t",_xlpm.vt="2tユニック",_xlpm.vt="2ｔユニック"),IF(_xlpm.d<=100,IFERROR(INDEX(運賃マスター!$B$5:$B$14,MATCH(1,(運賃マスター!$A$5:$A$14>=_xlpm.d)*1,0)),運賃マスター!$B$5),運賃マスター!$B$17+CEILING((_xlpm.d-100)/10,1)*運賃マスター!$B$16),IF(OR(_xlpm.vt="3t",_xlpm.vt="3tユニック",_xlpm.vt="3ｔユニック"),IF(_xlpm.d<=100,IFERROR(INDEX(運賃マスター!$F$5:$F$14,MATCH(1,(運賃マスター!$E$5:$E$14>=_xlpm.d)*1,0)),運賃マスター!$F$5),運賃マスター!$F$17+CEILING((_xlpm.d-100)/10,1)*運賃マスター!$F$16),IF(_xlpm.vt="1t",IF(_xlpm.d<=100,IFERROR(INDEX(運賃マスター!$J$5:$J$14,MATCH(1,(運賃マスター!$I$5:$I$14>=_xlpm.d)*1,0)),運賃マスター!$J$5),運賃マスター!$J$17+CEILING((_xlpm.d-100)/10,1)*運賃マスター!$J$16),IF(_xlpm.vt="軽",IF(_xlpm.d<=50,IFERROR(INDEX(運賃マスター!$N$5:$N$14,MATCH(1,(運賃マスター!$M$5:$M$14>=_xlpm.d)*1,0)),運賃マスター!$N$5),IF(_xlpm.d<=100,運賃マスター!$N$15+(_xlpm.d-50)*運賃マスター!$N$16,運賃マスター!$N$17+(_xlpm.d-100)*運賃マスター!$N$18)),IF(_xlpm.vt="3tPG",IF(_xlpm.d<=100,IFERROR(INDEX(運賃マスター!$R$5:$R$14,MATCH(1,(運賃マスター!$Q$5:$Q$14>=_xlpm.d)*1,0)),運賃マスター!$R$5),運賃マスター!$R$17+CEILING((_xlpm.d-100)/10,1)*運賃マスター!$R$16),"")))))),""))}
A20: =IF(B20="","",COUNTA($B$5:B20)) | K20: {=IF(OR(H20="",L20=""),"",IFERROR(_xlfn.LET(_xlpm.vt,VLOOKUP(IFERROR(VALUE(LEFT(H20,FIND("＊",H20&"＊")-1)),H20),運賃マスター!$A$22:$B$40,2,FALSE),_xlpm.d,L20,IF(OR(_xlpm.vt="2t",_xlpm.vt="2tユニック",_xlpm.vt="2ｔユニック"),IF(_xlpm.d<=100,IFERROR(INDEX(運賃マスター!$B$5:$B$14,MATCH(1,(運賃マスター!$A$5:$A$14>=_xlpm.d)*1,0)),運賃マスター!$B$5),運賃マスター!$B$17+CEILING((_xlpm.d-100)/10,1)*運賃マスター!$B$16),IF(OR(_xlpm.vt="3t",_xlpm.vt="3tユニック",_xlpm.vt="3ｔユニック"),IF(_xlpm.d<=100,IFERROR(INDEX(運賃マスター!$F$5:$F$14,MATCH(1,(運賃マスター!$E$5:$E$14>=_xlpm.d)*1,0)),運賃マスター!$F$5),運賃マスター!$F$17+CEILING((_xlpm.d-100)/10,1)*運賃マスター!$F$16),IF(_xlpm.vt="1t",IF(_xlpm.d<=100,IFERROR(INDEX(運賃マスター!$J$5:$J$14,MATCH(1,(運賃マスター!$I$5:$I$14>=_xlpm.d)*1,0)),運賃マスター!$J$5),運賃マスター!$J$17+CEILING((_xlpm.d-100)/10,1)*運賃マスター!$J$16),IF(_xlpm.vt="軽",IF(_xlpm.d<=50,IFERROR(INDEX(運賃マスター!$N$5:$N$14,MATCH(1,(運賃マスター!$M$5:$M$14>=_xlpm.d)*1,0)),運賃マスター!$N$5),IF(_xlpm.d<=100,運賃マスター!$N$15+(_xlpm.d-50)*運賃マスター!$N$16,運賃マスター!$N$17+(_xlpm.d-100)*運賃マスター!$N$18)),IF(_xlpm.vt="3tPG",IF(_xlpm.d<=100,IFERROR(INDEX(運賃マスター!$R$5:$R$14,MATCH(1,(運賃マスター!$Q$5:$Q$14>=_xlpm.d)*1,0)),運賃マスター!$R$5),運賃マスター!$R$17+CEILING((_xlpm.d-100)/10,1)*運賃マスター!$R$16),"")))))),""))}
A21: =IF(B21="","",COUNTA($B$5:B21))
A22: =IF(B22="","",COUNTA($B$5:B22))
A23: =IF(B23="","",COUNTA($B$5:B23))
A24: =IF(B24="","",COUNTA($B$5:B24))
A25: =IF(B25="","",COUNTA($B$5:B25)) | K25: {=IF(OR(H25="",L25=""),"",IFERROR(_xlfn.LET(_xlpm.vt,VLOOKUP(IFERROR(VALUE(LEFT(H25,FIND("＊",H25&"＊")-1)),H25),運賃マスター!$A$22:$B$40,2,FALSE),_xlpm.d,L25,IF(OR(_xlpm.vt="2t",_xlpm.vt="2tユニック",_xlpm.vt="2ｔユニック"),IF(_xlpm.d<=100,IFERROR(INDEX(運賃マスター!$B$5:$B$14,MATCH(1,(運賃マスター!$A$5:$A$14>=_xlpm.d)*1,0)),運賃マスター!$B$5),運賃マスター!$B$17+CEILING((_xlpm.d-100)/10,1)*運賃マスター!$B$16),IF(OR(_xlpm.vt="3t",_xlpm.vt="3tユニック",_xlpm.vt="3ｔユニック"),IF(_xlpm.d<=100,IFERROR(INDEX(運賃マスター!$F$5:$F$14,MATCH(1,(運賃マスター!$E$5:$E$14>=_xlpm.d)*1,0)),運賃マスター!$F$5),運賃マスター!$F$17+CEILING((_xlpm.d-100)/10,1)*運賃マスター!$F$16),IF(_xlpm.vt="1t",IF(_xlpm.d<=100,IFERROR(INDEX(運賃マスター!$J$5:$J$14,MATCH(1,(運賃マスター!$I$5:$I$14>=_xlpm.d)*1,0)),運賃マスター!$J$5),運賃マスター!$J$17+CEILING((_xlpm.d-100)/10,1)*運賃マスター!$J$16),IF(_xlpm.vt="軽",IF(_xlpm.d<=50,IFERROR(INDEX(運賃マスター!$N$5:$N$14,MATCH(1,(運賃マスター!$M$5:$M$14>=_xlpm.d)*1,0)),運賃マスター!$N$5),IF(_xlpm.d<=100,運賃マスター!$N$15+(_xlpm.d-50)*運賃マスター!$N$16,運賃マスター!$N$17+(_xlpm.d-100)*運賃マスター!$N$18)),IF(_xlpm.vt="3tPG",IF(_xlpm.d<=100,IFERROR(INDEX(運賃マスター!$R$5:$R$14,MATCH(1,(運賃マスター!$Q$5:$Q$14>=_xlpm.d)*1,0)),運賃マスター!$R$5),運賃マスター!$R$17+CEILING((_xlpm.d-100)/10,1)*運賃マスター!$R$16),"")))))),""))}
A26: =IF(B26="","",COUNTA($B$5:B26)) | K26: {=IF(OR(H26="",L26=""),"",IFERROR(_xlfn.LET(_xlpm.vt,VLOOKUP(IFERROR(VALUE(LEFT(H26,FIND("＊",H26&"＊")-1)),H26),運賃マスター!$A$22:$B$40,2,FALSE),_xlpm.d,L26,IF(OR(_xlpm.vt="2t",_xlpm.vt="2tユニック",_xlpm.vt="2ｔユニック"),IF(_xlpm.d<=100,IFERROR(INDEX(運賃マスター!$B$5:$B$14,MATCH(1,(運賃マスター!$A$5:$A$14>=_xlpm.d)*1,0)),運賃マスター!$B$5),運賃マスター!$B$17+CEILING((_xlpm.d-100)/10,1)*運賃マスター!$B$16),IF(OR(_xlpm.vt="3t",_xlpm.vt="3tユニック",_xlpm.vt="3ｔユニック"),IF(_xlpm.d<=100,IFERROR(INDEX(運賃マスター!$F$5:$F$14,MATCH(1,(運賃マスター!$E$5:$E$14>=_xlpm.d)*1,0)),運賃マスター!$F$5),運賃マスター!$F$17+CEILING((_xlpm.d-100)/10,1)*運賃マスター!$F$16),IF(_xlpm.vt="1t",IF(_xlpm.d<=100,IFERROR(INDEX(運賃マスター!$J$5:$J$14,MATCH(1,(運賃マスター!$I$5:$I$14>=_xlpm.d)*1,0)),運賃マスター!$J$5),運賃マスター!$J$17+CEILING((_xlpm.d-100)/10,1)*運賃マスター!$J$16),IF(_xlpm.vt="軽",IF(_xlpm.d<=50,IFERROR(INDEX(運賃マスター!$N$5:$N$14,MATCH(1,(運賃マスター!$M$5:$M$14>=_xlpm.d)*1,0)),運賃マスター!$N$5),IF(_xlpm.d<=100,運賃マスター!$N$15+(_xlpm.d-50)*運賃マスター!$N$16,運賃マスター!$N$17+(_xlpm.d-100)*運賃マスター!$N$18)),IF(_xlpm.vt="3tPG",IF(_xlpm.d<=100,IFERROR(INDEX(運賃マスター!$R$5:$R$14,MATCH(1,(運賃マスター!$Q$5:$Q$14>=_xlpm.d)*1,0)),運賃マスター!$R$5),運賃マスター!$R$17+CEILING((_xlpm.d-100)/10,1)*運賃マスター!$R$16),"")))))),""))}
A27: =IF(B27="","",COUNTA($B$5:B27))
A28: =IF(B28="","",COUNTA($B$5:B28)) | K28: {=IF(OR(H28="",L28=""),"",IFERROR(_xlfn.LET(_xlpm.vt,VLOOKUP(IFERROR(VALUE(LEFT(H28,FIND("＊",H28&"＊")-1)),H28),運賃マスター!$A$22:$B$40,2,FALSE),_xlpm.d,L28,IF(OR(_xlpm.vt="2t",_xlpm.vt="2tユニック",_xlpm.vt="2ｔユニック"),IF(_xlpm.d<=100,IFERROR(INDEX(運賃マスター!$B$5:$B$14,MATCH(1,(運賃マスター!$A$5:$A$14>=_xlpm.d)*1,0)),運賃マスター!$B$5),運賃マスター!$B$17+CEILING((_xlpm.d-100)/10,1)*運賃マスター!$B$16),IF(OR(_xlpm.vt="3t",_xlpm.vt="3tユニック",_xlpm.vt="3ｔユニック"),IF(_xlpm.d<=100,IFERROR(INDEX(運賃マスター!$F$5:$F$14,MATCH(1,(運賃マスター!$E$5:$E$14>=_xlpm.d)*1,0)),運賃マスター!$F$5),運賃マスター!$F$17+CEILING((_xlpm.d-100)/10,1)*運賃マスター!$F$16),IF(_xlpm.vt="1t",IF(_xlpm.d<=100,IFERROR(INDEX(運賃マスター!$J$5:$J$14,MATCH(1,(運賃マスター!$I$5:$I$14>=_xlpm.d)*1,0)),運賃マスター!$J$5),運賃マスター!$J$17+CEILING((_xlpm.d-100)/10,1)*運賃マスター!$J$16),IF(_xlpm.vt="軽",IF(_xlpm.d<=50,IFERROR(INDEX(運賃マスター!$N$5:$N$14,MATCH(1,(運賃マスター!$M$5:$M$14>=_xlpm.d)*1,0)),運賃マスター!$N$5),IF(_xlpm.d<=100,運賃マスター!$N$15+(_xlpm.d-50)*運賃マスター!$N$16,運賃マスター!$N$17+(_xlpm.d-100)*運賃マスター!$N$18)),IF(_xlpm.vt="3tPG",IF(_xlpm.d<=100,IFERROR(INDEX(運賃マスター!$R$5:$R$14,MATCH(1,(運賃マスター!$Q$5:$Q$14>=_xlpm.d)*1,0)),運賃マスター!$R$5),運賃マスター!$R$17+CEILING((_xlpm.d-100)/10,1)*運賃マスター!$R$16),"")))))),""))}
A29: =IF(B29="","",COUNTA($B$5:B29))
K30: {=IF(OR(H30="",L30=""),"",IFERROR(_xlfn.LET(_xlpm.vt,VLOOKUP(IFERROR(VALUE(LEFT(H30,FIND("＊",H30&"＊")-1)),H30),運賃マスター!$A$22:$B$40,2,FALSE),_xlpm.d,L30,IF(OR(_xlpm.vt="2t",_xlpm.vt="2tユニック",_xlpm.vt="2ｔユニック"),IF(_xlpm.d<=100,IFERROR(INDEX(運賃マスター!$B$5:$B$14,MATCH(1,(運賃マスター!$A$5:$A$14>=_xlpm.d)*1,0)),運賃マスター!$B$5),運賃マスター!$B$17+CEILING((_xlpm.d-100)/10,1)*運賃マスター!$B$16),IF(OR(_xlpm.vt="3t",_xlpm.vt="3tユニック",_xlpm.vt="3ｔユニック"),IF(_xlpm.d<=100,IFERROR(INDEX(運賃マスター!$F$5:$F$14,MATCH(1,(運賃マスター!$E$5:$E$14>=_xlpm.d)*1,0)),運賃マスター!$F$5),運賃マスター!$F$17+CEILING((_xlpm.d-100)/10,1)*運賃マスター!$F$16),IF(_xlpm.vt="1t",IF(_xlpm.d<=100,IFERROR(INDEX(運賃マスター!$J$5:$J$14,MATCH(1,(運賃マスター!$I$5:$I$14>=_xlpm.d)*1,0)),運賃マスター!$J$5),運賃マスター!$J$17+CEILING((_xlpm.d-100)/10,1)*運賃マスター!$J$16),IF(_xlpm.vt="軽",IF(_xlpm.d<=50,IFERROR(INDEX(運賃マスター!$N$5:$N$14,MATCH(1,(運賃マスター!$M$5:$M$14>=_xlpm.d)*1,0)),運賃マスター!$N$5),IF(_xlpm.d<=100,運賃マスター!$N$15+(_xlpm.d-50)*運賃マスター!$N$16,運賃マスター!$N$17+(_xlpm.d-100)*運賃マスター!$N$18)),IF(_xlpm.vt="3tPG",IF(_xlpm.d<=100,IFERROR(INDEX(運賃マスター!$R$5:$R$14,MATCH(1,(運賃マスター!$Q$5:$Q$14>=_xlpm.d)*1,0)),運賃マスター!$R$5),運賃マスター!$R$17+CEILING((_xlpm.d-100)/10,1)*運賃マスター!$R$16),"")))))),""))}
A31: =IF(B31="","",COUNTA($B$5:B31))
A33: =IF(B33="","",COUNTA($B$5:B33))
A34: =IF(B34="","",COUNTA($B$5:B34))
A35: =IF(B35="","",COUNTA($B$5:B35)) | K35: {=IF(OR(H35="",L35=""),"",IFERROR(_xlfn.LET(_xlpm.vt,VLOOKUP(IFERROR(VALUE(LEFT(H35,FIND("＊",H35&"＊")-1)),H35),運賃マスター!$A$22:$B$40,2,FALSE),_xlpm.d,L35,IF(OR(_xlpm.vt="2t",_xlpm.vt="2tユニック",_xlpm.vt="2ｔユニック"),IF(_xlpm.d<=100,IFERROR(INDEX(運賃マスター!$B$5:$B$14,MATCH(1,(運賃マスター!$A$5:$A$14>=_xlpm.d)*1,0)),運賃マスター!$B$5),運賃マスター!$B$17+CEILING((_xlpm.d-100)/10,1)*運賃マスター!$B$16),IF(OR(_xlpm.vt="3t",_xlpm.vt="3tユニック",_xlpm.vt="3ｔユニック"),IF(_xlpm.d<=100,IFERROR(INDEX(運賃マスター!$F$5:$F$14,MATCH(1,(運賃マスター!$E$5:$E$14>=_xlpm.d)*1,0)),運賃マスター!$F$5),運賃マスター!$F$17+CEILING((_xlpm.d-100)/10,1)*運賃マスター!$F$16),IF(_xlpm.vt="1t",IF(_xlpm.d<=100,IFERROR(INDEX(運賃マスター!$J$5:$J$14,MATCH(1,(運賃マスター!$I$5:$I$14>=_xlpm.d)*1,0)),運賃マスター!$J$5),運賃マスター!$J$17+CEILING((_xlpm.d-100)/10,1)*運賃マスター!$J$16),IF(_xlpm.vt="軽",IF(_xlpm.d<=50,IFERROR(INDEX(運賃マスター!$N$5:$N$14,MATCH(1,(運賃マスター!$M$5:$M$14>=_xlpm.d)*1,0)),運賃マスター!$N$5),IF(_xlpm.d<=100,運賃マスター!$N$15+(_xlpm.d-50)*運賃マスター!$N$16,運賃マスター!$N$17+(_xlpm.d-100)*運賃マスター!$N$18)),IF(_xlpm.vt="3tPG",IF(_xlpm.d<=100,IFERROR(INDEX(運賃マスター!$R$5:$R$14,MATCH(1,(運賃マスター!$Q$5:$Q$14>=_xlpm.d)*1,0)),運賃マスター!$R$5),運賃マスター!$R$17+CEILING((_xlpm.d-100)/10,1)*運賃マスター!$R$16),"")))))),""))}
A37: =IF(B37="","",COUNTA($B$5:B37)) | K37: {=IF(OR(H37="",L37=""),"",IFERROR(_xlfn.LET(_xlpm.vt,VLOOKUP(IFERROR(VALUE(LEFT(H37,FIND("＊",H37&"＊")-1)),H37),運賃マスター!$A$22:$B$40,2,FALSE),_xlpm.d,L37,IF(OR(_xlpm.vt="2t",_xlpm.vt="2tユニック",_xlpm.vt="2ｔユニック"),IF(_xlpm.d<=100,IFERROR(INDEX(運賃マスター!$B$5:$B$14,MATCH(1,(運賃マスター!$A$5:$A$14>=_xlpm.d)*1,0)),運賃マスター!$B$5),運賃マスター!$B$17+CEILING((_xlpm.d-100)/10,1)*運賃マスター!$B$16),IF(OR(_xlpm.vt="3t",_xlpm.vt="3tユニック",_xlpm.vt="3ｔユニック"),IF(_xlpm.d<=100,IFERROR(INDEX(運賃マスター!$F$5:$F$14,MATCH(1,(運賃マスター!$E$5:$E$14>=_xlpm.d)*1,0)),運賃マスター!$F$5),運賃マスター!$F$17+CEILING((_xlpm.d-100)/10,1)*運賃マスター!$F$16),IF(_xlpm.vt="1t",IF(_xlpm.d<=100,IFERROR(INDEX(運賃マスター!$J$5:$J$14,MATCH(1,(運賃マスター!$I$5:$I$14>=_xlpm.d)*1,0)),運賃マスター!$J$5),運賃マスター!$J$17+CEILING((_xlpm.d-100)/10,1)*運賃マスター!$J$16),IF(_xlpm.vt="軽",IF(_xlpm.d<=50,IFERROR(INDEX(運賃マスター!$N$5:$N$14,MATCH(1,(運賃マスター!$M$5:$M$14>=_xlpm.d)*1,0)),運賃マスター!$N$5),IF(_xlpm.d<=100,運賃マスター!$N$15+(_xlpm.d-50)*運賃マスター!$N$16,運賃マスター!$N$17+(_xlpm.d-100)*運賃マスター!$N$18)),IF(_xlpm.vt="3tPG",IF(_xlpm.d<=100,IFERROR(INDEX(運賃マスター!$R$5:$R$14,MATCH(1,(運賃マスター!$Q$5:$Q$14>=_xlpm.d)*1,0)),運賃マスター!$R$5),運賃マスター!$R$17+CEILING((_xlpm.d-100)/10,1)*運賃マスター!$R$16),"")))))),""))}
A38: =IF(B38="","",COUNTA($B$5:B38)) | K38: {=IF(OR(H38="",L38=""),"",IFERROR(_xlfn.LET(_xlpm.vt,VLOOKUP(IFERROR(VALUE(LEFT(H38,FIND("＊",H38&"＊")-1)),H38),運賃マスター!$A$22:$B$40,2,FALSE),_xlpm.d,L38,IF(OR(_xlpm.vt="2t",_xlpm.vt="2tユニック",_xlpm.vt="2ｔユニック"),IF(_xlpm.d<=100,IFERROR(INDEX(運賃マスター!$B$5:$B$14,MATCH(1,(運賃マスター!$A$5:$A$14>=_xlpm.d)*1,0)),運賃マスター!$B$5),運賃マスター!$B$17+CEILING((_xlpm.d-100)/10,1)*運賃マスター!$B$16),IF(OR(_xlpm.vt="3t",_xlpm.vt="3tユニック",_xlpm.vt="3ｔユニック"),IF(_xlpm.d<=100,IFERROR(INDEX(運賃マスター!$F$5:$F$14,MATCH(1,(運賃マスター!$E$5:$E$14>=_xlpm.d)*1,0)),運賃マスター!$F$5),運賃マスター!$F$17+CEILING((_xlpm.d-100)/10,1)*運賃マスター!$F$16),IF(_xlpm.vt="1t",IF(_xlpm.d<=100,IFERROR(INDEX(運賃マスター!$J$5:$J$14,MATCH(1,(運賃マスター!$I$5:$I$14>=_xlpm.d)*1,0)),運賃マスター!$J$5),運賃マスター!$J$17+CEILING((_xlpm.d-100)/10,1)*運賃マスター!$J$16),IF(_xlpm.vt="軽",IF(_xlpm.d<=50,IFERROR(INDEX(運賃マスター!$N$5:$N$14,MATCH(1,(運賃マスター!$M$5:$M$14>=_xlpm.d)*1,0)),運賃マスター!$N$5),IF(_xlpm.d<=100,運賃マスター!$N$15+(_xlpm.d-50)*運賃マスター!$N$16,運賃マスター!$N$17+(_xlpm.d-100)*運賃マスター!$N$18)),IF(_xlpm.vt="3tPG",IF(_xlpm.d<=100,IFERROR(INDEX(運賃マスター!$R$5:$R$14,MATCH(1,(運賃マスター!$Q$5:$Q$14>=_xlpm.d)*1,0)),運賃マスター!$R$5),運賃マスター!$R$17+CEILING((_xlpm.d-100)/10,1)*運賃マスター!$R$16),"")))))),""))}
A39: =IF(B39="","",COUNTA($B$5:B39))
A40: =IF(B40="","",COUNTA($B$5:B40))
A41: =IF(B41="","",COUNTA($B$5:B41)) | K41: {=IF(OR(H41="",L41=""),"",IFERROR(_xlfn.LET(_xlpm.vt,VLOOKUP(IFERROR(VALUE(LEFT(H41,FIND("＊",H41&"＊")-1)),H41),運賃マスター!$A$22:$B$40,2,FALSE),_xlpm.d,L41,IF(OR(_xlpm.vt="2t",_xlpm.vt="2tユニック",_xlpm.vt="2ｔユニック"),IF(_xlpm.d<=100,IFERROR(INDEX(運賃マスター!$B$5:$B$14,MATCH(1,(運賃マスター!$A$5:$A$14>=_xlpm.d)*1,0)),運賃マスター!$B$5),運賃マスター!$B$17+CEILING((_xlpm.d-100)/10,1)*運賃マスター!$B$16),IF(OR(_xlpm.vt="3t",_xlpm.vt="3tユニック",_xlpm.vt="3ｔユニック"),IF(_xlpm.d<=100,IFERROR(INDEX(運賃マスター!$F$5:$F$14,MATCH(1,(運賃マスター!$E$5:$E$14>=_xlpm.d)*1,0)),運賃マスター!$F$5),運賃マスター!$F$17+CEILING((_xlpm.d-100)/10,1)*運賃マスター!$F$16),IF(_xlpm.vt="1t",IF(_xlpm.d<=100,IFERROR(INDEX(運賃マスター!$J$5:$J$14,MATCH(1,(運賃マスター!$I$5:$I$14>=_xlpm.d)*1,0)),運賃マスター!$J$5),運賃マスター!$J$17+CEILING((_xlpm.d-100)/10,1)*運賃マスター!$J$16),IF(_xlpm.vt="軽",IF(_xlpm.d<=50,IFERROR(INDEX(運賃マスター!$N$5:$N$14,MATCH(1,(運賃マスター!$M$5:$M$14>=_xlpm.d)*1,0)),運賃マスター!$N$5),IF(_xlpm.d<=100,運賃マスター!$N$15+(_xlpm.d-50)*運賃マスター!$N$16,運賃マスター!$N$17+(_xlpm.d-100)*運賃マスター!$N$18)),IF(_xlpm.vt="3tPG",IF(_xlpm.d<=100,IFERROR(INDEX(運賃マスター!$R$5:$R$14,MATCH(1,(運賃マスター!$Q$5:$Q$14>=_xlpm.d)*1,0)),運賃マスター!$R$5),運賃マスター!$R$17+CEILING((_xlpm.d-100)/10,1)*運賃マスター!$R$16),"")))))),""))}
D44: 現在待機場所 | E44: 待機予定場所 | H44: 目標距離 | K44: 550
B45: 2(255) | C45: 山岸
B46: 8(254) | C46: 砂川 | H46: 残距離 | K46: =550-SUM(L3:L41)-SUM(#REF!)
B47: 9(256) | C47: 前川
B48: 10(257)
B49: 11(258) | C49: 郡司 | H49: 依頼件数 | K49: =SUM(#REF!)+SUM(SUM(#REF!))
B50: 12(736)
B51: 13(737)
B52: 14(738) | C52: 辻井
B54: 7290 | C54: 佐藤
B55: 7291 | C55: 末次
B57: 333 | C57: 金井/奥田
B58: 666 | C58: 徳留
B59: 777
B60: 330
B61: 990 | C61: 山原
C63: 出発→到着 | D63: 備考
B64: ① | C64: 東→西 | D64: ①Aチーム優先
B65: ② | C65: 東→東 | D65: ②急ぎ案件の場合、道路状況も伝えてあげる。
B66: ③ | C66: 西→東 | D66: ③各ドライバーの位置からの帰社のタイミング・夕方の配置
B67: ④ | C67: 西→西 | D67: ④依頼を受ける際の、希望時間と現状の位置。行けるか行けないかの判断をしっかりと。
D68: ⑤軽に乗るか乗らないかの判断に気を付ける。
C69: 現状配置(予測) | D69: ⑥18/1日、1.8/1人、3件/1人
B70: 西(神戸西・弥栄台) | D70: ⑦依頼書の見落とし(日付、入替、入出庫、場所）
B71: 真ん中(摩耶・中央) | D71: ⑧3ｔ車と2ｔ車への振り方(西と東に振り分ける)
B72: 東(尼崎・伊丹・西宮) | D72: ⑨
B73: 極東(港区・淀屋橋)
C75: 合計額/380 | D75: =SUM(G75) | F75: 売り上げ額 | G75: =SUM(SUM(K4:K41))+SUM(#REF!)
C77: 前日までの売上合計額 | D77: =SUM(B86)
F78: 金井（55)
D79: =D75+D77 | F79: 粟津(55)
F80: 砂川(50)
C81: 高代 | F81: 前川(50)
C82: 返還代 | F82: 佐藤(50)
C83: 回収率 | D83: =D82/D81 | F83: 末次(55)
C84: 費 | D84: =D81-D82 | F84: 筒井(75)
F85: 山岸(40)
F86: 多苗(30)

Sheet 6　2
B2: 46175
B3: 荷主 | C3: 種類 | D3: 積込地 | E3: 積降地 | F3: ユーザー名(搬入/搬出) | G3: 時間 | H3: 号車 | J3: 距離 | K3: 特記事項 | L3: 距離 | M3: 終了地 | N3: 予定時間 | O3: 必要時間 | P3: 件数 | Q3: メモ
A5: =IF(B5="","",COUNTA($B$5:B5)) | I5: =IFERROR(_xlfn.XLOOKUP(H5,案件・ドライバー一覧!$L$3:$L$17,案件・ドライバー一覧!$M$3:$M$17,""),"") | K5: {=IF(OR(H5="",L5=""),"",IFERROR(_xlfn.LET(_xlpm.vt,VLOOKUP(IFERROR(VALUE(LEFT(H5,FIND("＊",H5&"＊")-1)),H5),運賃マスター!$A$22:$B$40,2,FALSE),_xlpm.d,L5,IF(OR(_xlpm.vt="2t",_xlpm.vt="2tユニック",_xlpm.vt="2ｔユニック"),IF(_xlpm.d<=100,IFERROR(INDEX(運賃マスター!$B$5:$B$14,MATCH(1,(運賃マスター!$A$5:$A$14>=_xlpm.d)*1,0)),運賃マスター!$B$5),運賃マスター!$B$17+CEILING((_xlpm.d-100)/10,1)*運賃マスター!$B$16),IF(OR(_xlpm.vt="3t",_xlpm.vt="3tユニック",_xlpm.vt="3ｔユニック"),IF(_xlpm.d<=100,IFERROR(INDEX(運賃マスター!$F$5:$F$14,MATCH(1,(運賃マスター!$E$5:$E$14>=_xlpm.d)*1,0)),運賃マスター!$F$5),運賃マスター!$F$17+CEILING((_xlpm.d-100)/10,1)*運賃マスター!$F$16),IF(_xlpm.vt="1t",IF(_xlpm.d<=100,IFERROR(INDEX(運賃マスター!$J$5:$J$14,MATCH(1,(運賃マスター!$I$5:$I$14>=_xlpm.d)*1,0)),運賃マスター!$J$5),運賃マスター!$J$17+CEILING((_xlpm.d-100)/10,1)*運賃マスター!$J$16),IF(_xlpm.vt="軽",IF(_xlpm.d<=50,IFERROR(INDEX(運賃マスター!$N$5:$N$14,MATCH(1,(運賃マスター!$M$5:$M$14>=_xlpm.d)*1,0)),運賃マスター!$N$5),IF(_xlpm.d<=100,運賃マスター!$N$15+(_xlpm.d-50)*運賃マスター!$N$16,運賃マスター!$N$17+(_xlpm.d-100)*運賃マスター!$N$18)),IF(_xlpm.vt="3tPG",IF(_xlpm.d<=100,IFERROR(INDEX(運賃マスター!$R$5:$R$14,MATCH(1,(運賃マスター!$Q$5:$Q$14>=_xlpm.d)*1,0)),運賃マスター!$R$5),運賃マスター!$R$17+CEILING((_xlpm.d-100)/10,1)*運賃マスター!$R$16),"")))))),""))}
A6: =IF(B6="","",COUNTA($B$5:B6)) | I6: =IFERROR(_xlfn.XLOOKUP(H6,案件・ドライバー一覧!$L$3:$L$17,案件・ドライバー一覧!$M$3:$M$17,""),"") | K6: {=IF(OR(H6="",L6=""),"",IFERROR(_xlfn.LET(_xlpm.vt,VLOOKUP(IFERROR(VALUE(LEFT(H6,FIND("＊",H6&"＊")-1)),H6),運賃マスター!$A$22:$B$40,2,FALSE),_xlpm.d,L6,IF(OR(_xlpm.vt="2t",_xlpm.vt="2tユニック",_xlpm.vt="2ｔユニック"),IF(_xlpm.d<=100,IFERROR(INDEX(運賃マスター!$B$5:$B$14,MATCH(1,(運賃マスター!$A$5:$A$14>=_xlpm.d)*1,0)),運賃マスター!$B$5),運賃マスター!$B$17+CEILING((_xlpm.d-100)/10,1)*運賃マスター!$B$16),IF(OR(_xlpm.vt="3t",_xlpm.vt="3tユニック",_xlpm.vt="3ｔユニック"),IF(_xlpm.d<=100,IFERROR(INDEX(運賃マスター!$F$5:$F$14,MATCH(1,(運賃マスター!$E$5:$E$14>=_xlpm.d)*1,0)),運賃マスター!$F$5),運賃マスター!$F$17+CEILING((_xlpm.d-100)/10,1)*運賃マスター!$F$16),IF(_xlpm.vt="1t",IF(_xlpm.d<=100,IFERROR(INDEX(運賃マスター!$J$5:$J$14,MATCH(1,(運賃マスター!$I$5:$I$14>=_xlpm.d)*1,0)),運賃マスター!$J$5),運賃マスター!$J$17+CEILING((_xlpm.d-100)/10,1)*運賃マスター!$J$16),IF(_xlpm.vt="軽",IF(_xlpm.d<=50,IFERROR(INDEX(運賃マスター!$N$5:$N$14,MATCH(1,(運賃マスター!$M$5:$M$14>=_xlpm.d)*1,0)),運賃マスター!$N$5),IF(_xlpm.d<=100,運賃マスター!$N$15+(_xlpm.d-50)*運賃マスター!$N$16,運賃マスター!$N$17+(_xlpm.d-100)*運賃マスター!$N$18)),IF(_xlpm.vt="3tPG",IF(_xlpm.d<=100,IFERROR(INDEX(運賃マスター!$R$5:$R$14,MATCH(1,(運賃マスター!$Q$5:$Q$14>=_xlpm.d)*1,0)),運賃マスター!$R$5),運賃マスター!$R$17+CEILING((_xlpm.d-100)/10,1)*運賃マスター!$R$16),"")))))),""))}
A7: =IF(B7="","",COUNTA($B$5:B7)) | I7: =IFERROR(_xlfn.XLOOKUP(H7,案件・ドライバー一覧!$L$3:$L$17,案件・ドライバー一覧!$M$3:$M$17,""),"") | K7: {=IF(OR(H7="",L7=""),"",IFERROR(_xlfn.LET(_xlpm.vt,VLOOKUP(IFERROR(VALUE(LEFT(H7,FIND("＊",H7&"＊")-1)),H7),運賃マスター!$A$22:$B$40,2,FALSE),_xlpm.d,L7,IF(OR(_xlpm.vt="2t",_xlpm.vt="2tユニック",_xlpm.vt="2ｔユニック"),IF(_xlpm.d<=100,IFERROR(INDEX(運賃マスター!$B$5:$B$14,MATCH(1,(運賃マスター!$A$5:$A$14>=_xlpm.d)*1,0)),運賃マスター!$B$5),運賃マスター!$B$17+CEILING((_xlpm.d-100)/10,1)*運賃マスター!$B$16),IF(OR(_xlpm.vt="3t",_xlpm.vt="3tユニック",_xlpm.vt="3ｔユニック"),IF(_xlpm.d<=100,IFERROR(INDEX(運賃マスター!$F$5:$F$14,MATCH(1,(運賃マスター!$E$5:$E$14>=_xlpm.d)*1,0)),運賃マスター!$F$5),運賃マスター!$F$17+CEILING((_xlpm.d-100)/10,1)*運賃マスター!$F$16),IF(_xlpm.vt="1t",IF(_xlpm.d<=100,IFERROR(INDEX(運賃マスター!$J$5:$J$14,MATCH(1,(運賃マスター!$I$5:$I$14>=_xlpm.d)*1,0)),運賃マスター!$J$5),運賃マスター!$J$17+CEILING((_xlpm.d-100)/10,1)*運賃マスター!$J$16),IF(_xlpm.vt="軽",IF(_xlpm.d<=50,IFERROR(INDEX(運賃マスター!$N$5:$N$14,MATCH(1,(運賃マスター!$M$5:$M$14>=_xlpm.d)*1,0)),運賃マスター!$N$5),IF(_xlpm.d<=100,運賃マスター!$N$15+(_xlpm.d-50)*運賃マスター!$N$16,運賃マスター!$N$17+(_xlpm.d-100)*運賃マスター!$N$18)),IF(_xlpm.vt="3tPG",IF(_xlpm.d<=100,IFERROR(INDEX(運賃マスター!$R$5:$R$14,MATCH(1,(運賃マスター!$Q$5:$Q$14>=_xlpm.d)*1,0)),運賃マスター!$R$5),運賃マスター!$R$17+CEILING((_xlpm.d-100)/10,1)*運賃マスター!$R$16),"")))))),""))}
A8: =IF(B8="","",COUNTA($B$5:B8)) | K8: {=IF(OR(H8="",L8=""),"",IFERROR(_xlfn.LET(_xlpm.vt,VLOOKUP(IFERROR(VALUE(LEFT(H8,FIND("＊",H8&"＊")-1)),H8),運賃マスター!$A$22:$B$40,2,FALSE),_xlpm.d,L8,IF(OR(_xlpm.vt="2t",_xlpm.vt="2tユニック",_xlpm.vt="2ｔユニック"),IF(_xlpm.d<=100,IFERROR(INDEX(運賃マスター!$B$5:$B$14,MATCH(1,(運賃マスター!$A$5:$A$14>=_xlpm.d)*1,0)),運賃マスター!$B$5),運賃マスター!$B$17+CEILING((_xlpm.d-100)/10,1)*運賃マスター!$B$16),IF(OR(_xlpm.vt="3t",_xlpm.vt="3tユニック",_xlpm.vt="3ｔユニック"),IF(_xlpm.d<=100,IFERROR(INDEX(運賃マスター!$F$5:$F$14,MATCH(1,(運賃マスター!$E$5:$E$14>=_xlpm.d)*1,0)),運賃マスター!$F$5),運賃マスター!$F$17+CEILING((_xlpm.d-100)/10,1)*運賃マスター!$F$16),IF(_xlpm.vt="1t",IF(_xlpm.d<=100,IFERROR(INDEX(運賃マスター!$J$5:$J$14,MATCH(1,(運賃マスター!$I$5:$I$14>=_xlpm.d)*1,0)),運賃マスター!$J$5),運賃マスター!$J$17+CEILING((_xlpm.d-100)/10,1)*運賃マスター!$J$16),IF(_xlpm.vt="軽",IF(_xlpm.d<=50,IFERROR(INDEX(運賃マスター!$N$5:$N$14,MATCH(1,(運賃マスター!$M$5:$M$14>=_xlpm.d)*1,0)),運賃マスター!$N$5),IF(_xlpm.d<=100,運賃マスター!$N$15+(_xlpm.d-50)*運賃マスター!$N$16,運賃マスター!$N$17+(_xlpm.d-100)*運賃マスター!$N$18)),IF(_xlpm.vt="3tPG",IF(_xlpm.d<=100,IFERROR(INDEX(運賃マスター!$R$5:$R$14,MATCH(1,(運賃マスター!$Q$5:$Q$14>=_xlpm.d)*1,0)),運賃マスター!$R$5),運賃マスター!$R$17+CEILING((_xlpm.d-100)/10,1)*運賃マスター!$R$16),"")))))),""))}
A9: =IF(B9="","",COUNTA($B$5:B9)) | K9: {=IF(OR(H9="",L9=""),"",IFERROR(_xlfn.LET(_xlpm.vt,VLOOKUP(IFERROR(VALUE(LEFT(H9,FIND("＊",H9&"＊")-1)),H9),運賃マスター!$A$22:$B$40,2,FALSE),_xlpm.d,L9,IF(OR(_xlpm.vt="2t",_xlpm.vt="2tユニック",_xlpm.vt="2ｔユニック"),IF(_xlpm.d<=100,IFERROR(INDEX(運賃マスター!$B$5:$B$14,MATCH(1,(運賃マスター!$A$5:$A$14>=_xlpm.d)*1,0)),運賃マスター!$B$5),運賃マスター!$B$17+CEILING((_xlpm.d-100)/10,1)*運賃マスター!$B$16),IF(OR(_xlpm.vt="3t",_xlpm.vt="3tユニック",_xlpm.vt="3ｔユニック"),IF(_xlpm.d<=100,IFERROR(INDEX(運賃マスター!$F$5:$F$14,MATCH(1,(運賃マスター!$E$5:$E$14>=_xlpm.d)*1,0)),運賃マスター!$F$5),運賃マスター!$F$17+CEILING((_xlpm.d-100)/10,1)*運賃マスター!$F$16),IF(_xlpm.vt="1t",IF(_xlpm.d<=100,IFERROR(INDEX(運賃マスター!$J$5:$J$14,MATCH(1,(運賃マスター!$I$5:$I$14>=_xlpm.d)*1,0)),運賃マスター!$J$5),運賃マスター!$J$17+CEILING((_xlpm.d-100)/10,1)*運賃マスター!$J$16),IF(_xlpm.vt="軽",IF(_xlpm.d<=50,IFERROR(INDEX(運賃マスター!$N$5:$N$14,MATCH(1,(運賃マスター!$M$5:$M$14>=_xlpm.d)*1,0)),運賃マスター!$N$5),IF(_xlpm.d<=100,運賃マスター!$N$15+(_xlpm.d-50)*運賃マスター!$N$16,運賃マスター!$N$17+(_xlpm.d-100)*運賃マスター!$N$18)),IF(_xlpm.vt="3tPG",IF(_xlpm.d<=100,IFERROR(INDEX(運賃マスター!$R$5:$R$14,MATCH(1,(運賃マスター!$Q$5:$Q$14>=_xlpm.d)*1,0)),運賃マスター!$R$5),運賃マスター!$R$17+CEILING((_xlpm.d-100)/10,1)*運賃マスター!$R$16),"")))))),""))}
A10: =IF(B10="","",COUNTA($B$5:B10)) | K10: {=IF(OR(H10="",L10=""),"",IFERROR(_xlfn.LET(_xlpm.vt,VLOOKUP(IFERROR(VALUE(LEFT(H10,FIND("＊",H10&"＊")-1)),H10),運賃マスター!$A$22:$B$40,2,FALSE),_xlpm.d,L10,IF(OR(_xlpm.vt="2t",_xlpm.vt="2tユニック",_xlpm.vt="2ｔユニック"),IF(_xlpm.d<=100,IFERROR(INDEX(運賃マスター!$B$5:$B$14,MATCH(1,(運賃マスター!$A$5:$A$14>=_xlpm.d)*1,0)),運賃マスター!$B$5),運賃マスター!$B$17+CEILING((_xlpm.d-100)/10,1)*運賃マスター!$B$16),IF(OR(_xlpm.vt="3t",_xlpm.vt="3tユニック",_xlpm.vt="3ｔユニック"),IF(_xlpm.d<=100,IFERROR(INDEX(運賃マスター!$F$5:$F$14,MATCH(1,(運賃マスター!$E$5:$E$14>=_xlpm.d)*1,0)),運賃マスター!$F$5),運賃マスター!$F$17+CEILING((_xlpm.d-100)/10,1)*運賃マスター!$F$16),IF(_xlpm.vt="1t",IF(_xlpm.d<=100,IFERROR(INDEX(運賃マスター!$J$5:$J$14,MATCH(1,(運賃マスター!$I$5:$I$14>=_xlpm.d)*1,0)),運賃マスター!$J$5),運賃マスター!$J$17+CEILING((_xlpm.d-100)/10,1)*運賃マスター!$J$16),IF(_xlpm.vt="軽",IF(_xlpm.d<=50,IFERROR(INDEX(運賃マスター!$N$5:$N$14,MATCH(1,(運賃マスター!$M$5:$M$14>=_xlpm.d)*1,0)),運賃マスター!$N$5),IF(_xlpm.d<=100,運賃マスター!$N$15+(_xlpm.d-50)*運賃マスター!$N$16,運賃マスター!$N$17+(_xlpm.d-100)*運賃マスター!$N$18)),IF(_xlpm.vt="3tPG",IF(_xlpm.d<=100,IFERROR(INDEX(運賃マスター!$R$5:$R$14,MATCH(1,(運賃マスター!$Q$5:$Q$14>=_xlpm.d)*1,0)),運賃マスター!$R$5),運賃マスター!$R$17+CEILING((_xlpm.d-100)/10,1)*運賃マスター!$R$16),"")))))),""))}
A11: =IF(B11="","",COUNTA($B$5:B11)) | K11: {=IF(OR(H11="",L11=""),"",IFERROR(_xlfn.LET(_xlpm.vt,VLOOKUP(IFERROR(VALUE(LEFT(H11,FIND("＊",H11&"＊")-1)),H11),運賃マスター!$A$22:$B$40,2,FALSE),_xlpm.d,L11,IF(OR(_xlpm.vt="2t",_xlpm.vt="2tユニック",_xlpm.vt="2ｔユニック"),IF(_xlpm.d<=100,IFERROR(INDEX(運賃マスター!$B$5:$B$14,MATCH(1,(運賃マスター!$A$5:$A$14>=_xlpm.d)*1,0)),運賃マスター!$B$5),運賃マスター!$B$17+CEILING((_xlpm.d-100)/10,1)*運賃マスター!$B$16),IF(OR(_xlpm.vt="3t",_xlpm.vt="3tユニック",_xlpm.vt="3ｔユニック"),IF(_xlpm.d<=100,IFERROR(INDEX(運賃マスター!$F$5:$F$14,MATCH(1,(運賃マスター!$E$5:$E$14>=_xlpm.d)*1,0)),運賃マスター!$F$5),運賃マスター!$F$17+CEILING((_xlpm.d-100)/10,1)*運賃マスター!$F$16),IF(_xlpm.vt="1t",IF(_xlpm.d<=100,IFERROR(INDEX(運賃マスター!$J$5:$J$14,MATCH(1,(運賃マスター!$I$5:$I$14>=_xlpm.d)*1,0)),運賃マスター!$J$5),運賃マスター!$J$17+CEILING((_xlpm.d-100)/10,1)*運賃マスター!$J$16),IF(_xlpm.vt="軽",IF(_xlpm.d<=50,IFERROR(INDEX(運賃マスター!$N$5:$N$14,MATCH(1,(運賃マスター!$M$5:$M$14>=_xlpm.d)*1,0)),運賃マスター!$N$5),IF(_xlpm.d<=100,運賃マスター!$N$15+(_xlpm.d-50)*運賃マスター!$N$16,運賃マスター!$N$17+(_xlpm.d-100)*運賃マスター!$N$18)),IF(_xlpm.vt="3tPG",IF(_xlpm.d<=100,IFERROR(INDEX(運賃マスター!$R$5:$R$14,MATCH(1,(運賃マスター!$Q$5:$Q$14>=_xlpm.d)*1,0)),運賃マスター!$R$5),運賃マスター!$R$17+CEILING((_xlpm.d-100)/10,1)*運賃マスター!$R$16),"")))))),""))}
A12: =IF(B12="","",COUNTA($B$5:B12)) | K12: {=IF(OR(H12="",L12=""),"",IFERROR(_xlfn.LET(_xlpm.vt,VLOOKUP(IFERROR(VALUE(LEFT(H12,FIND("＊",H12&"＊")-1)),H12),運賃マスター!$A$22:$B$40,2,FALSE),_xlpm.d,L12,IF(OR(_xlpm.vt="2t",_xlpm.vt="2tユニック",_xlpm.vt="2ｔユニック"),IF(_xlpm.d<=100,IFERROR(INDEX(運賃マスター!$B$5:$B$14,MATCH(1,(運賃マスター!$A$5:$A$14>=_xlpm.d)*1,0)),運賃マスター!$B$5),運賃マスター!$B$17+CEILING((_xlpm.d-100)/10,1)*運賃マスター!$B$16),IF(OR(_xlpm.vt="3t",_xlpm.vt="3tユニック",_xlpm.vt="3ｔユニック"),IF(_xlpm.d<=100,IFERROR(INDEX(運賃マスター!$F$5:$F$14,MATCH(1,(運賃マスター!$E$5:$E$14>=_xlpm.d)*1,0)),運賃マスター!$F$5),運賃マスター!$F$17+CEILING((_xlpm.d-100)/10,1)*運賃マスター!$F$16),IF(_xlpm.vt="1t",IF(_xlpm.d<=100,IFERROR(INDEX(運賃マスター!$J$5:$J$14,MATCH(1,(運賃マスター!$I$5:$I$14>=_xlpm.d)*1,0)),運賃マスター!$J$5),運賃マスター!$J$17+CEILING((_xlpm.d-100)/10,1)*運賃マスター!$J$16),IF(_xlpm.vt="軽",IF(_xlpm.d<=50,IFERROR(INDEX(運賃マスター!$N$5:$N$14,MATCH(1,(運賃マスター!$M$5:$M$14>=_xlpm.d)*1,0)),運賃マスター!$N$5),IF(_xlpm.d<=100,運賃マスター!$N$15+(_xlpm.d-50)*運賃マスター!$N$16,運賃マスター!$N$17+(_xlpm.d-100)*運賃マスター!$N$18)),IF(_xlpm.vt="3tPG",IF(_xlpm.d<=100,IFERROR(INDEX(運賃マスター!$R$5:$R$14,MATCH(1,(運賃マスター!$Q$5:$Q$14>=_xlpm.d)*1,0)),運賃マスター!$R$5),運賃マスター!$R$17+CEILING((_xlpm.d-100)/10,1)*運賃マスター!$R$16),"")))))),""))}
A13: =IF(B13="","",COUNTA($B$5:B13)) | K13: {=IF(OR(H13="",L13=""),"",IFERROR(_xlfn.LET(_xlpm.vt,VLOOKUP(IFERROR(VALUE(LEFT(H13,FIND("＊",H13&"＊")-1)),H13),運賃マスター!$A$22:$B$40,2,FALSE),_xlpm.d,L13,IF(OR(_xlpm.vt="2t",_xlpm.vt="2tユニック",_xlpm.vt="2ｔユニック"),IF(_xlpm.d<=100,IFERROR(INDEX(運賃マスター!$B$5:$B$14,MATCH(1,(運賃マスター!$A$5:$A$14>=_xlpm.d)*1,0)),運賃マスター!$B$5),運賃マスター!$B$17+CEILING((_xlpm.d-100)/10,1)*運賃マスター!$B$16),IF(OR(_xlpm.vt="3t",_xlpm.vt="3tユニック",_xlpm.vt="3ｔユニック"),IF(_xlpm.d<=100,IFERROR(INDEX(運賃マスター!$F$5:$F$14,MATCH(1,(運賃マスター!$E$5:$E$14>=_xlpm.d)*1,0)),運賃マスター!$F$5),運賃マスター!$F$17+CEILING((_xlpm.d-100)/10,1)*運賃マスター!$F$16),IF(_xlpm.vt="1t",IF(_xlpm.d<=100,IFERROR(INDEX(運賃マスター!$J$5:$J$14,MATCH(1,(運賃マスター!$I$5:$I$14>=_xlpm.d)*1,0)),運賃マスター!$J$5),運賃マスター!$J$17+CEILING((_xlpm.d-100)/10,1)*運賃マスター!$J$16),IF(_xlpm.vt="軽",IF(_xlpm.d<=50,IFERROR(INDEX(運賃マスター!$N$5:$N$14,MATCH(1,(運賃マスター!$M$5:$M$14>=_xlpm.d)*1,0)),運賃マスター!$N$5),IF(_xlpm.d<=100,運賃マスター!$N$15+(_xlpm.d-50)*運賃マスター!$N$16,運賃マスター!$N$17+(_xlpm.d-100)*運賃マスター!$N$18)),IF(_xlpm.vt="3tPG",IF(_xlpm.d<=100,IFERROR(INDEX(運賃マスター!$R$5:$R$14,MATCH(1,(運賃マスター!$Q$5:$Q$14>=_xlpm.d)*1,0)),運賃マスター!$R$5),運賃マスター!$R$17+CEILING((_xlpm.d-100)/10,1)*運賃マスター!$R$16),"")))))),""))}
A14: =IF(B14="","",COUNTA($B$5:B14)) | K14: {=IF(OR(H14="",L14=""),"",IFERROR(_xlfn.LET(_xlpm.vt,VLOOKUP(IFERROR(VALUE(LEFT(H14,FIND("＊",H14&"＊")-1)),H14),運賃マスター!$A$22:$B$40,2,FALSE),_xlpm.d,L14,IF(OR(_xlpm.vt="2t",_xlpm.vt="2tユニック",_xlpm.vt="2ｔユニック"),IF(_xlpm.d<=100,IFERROR(INDEX(運賃マスター!$B$5:$B$14,MATCH(1,(運賃マスター!$A$5:$A$14>=_xlpm.d)*1,0)),運賃マスター!$B$5),運賃マスター!$B$17+CEILING((_xlpm.d-100)/10,1)*運賃マスター!$B$16),IF(OR(_xlpm.vt="3t",_xlpm.vt="3tユニック",_xlpm.vt="3ｔユニック"),IF(_xlpm.d<=100,IFERROR(INDEX(運賃マスター!$F$5:$F$14,MATCH(1,(運賃マスター!$E$5:$E$14>=_xlpm.d)*1,0)),運賃マスター!$F$5),運賃マスター!$F$17+CEILING((_xlpm.d-100)/10,1)*運賃マスター!$F$16),IF(_xlpm.vt="1t",IF(_xlpm.d<=100,IFERROR(INDEX(運賃マスター!$J$5:$J$14,MATCH(1,(運賃マスター!$I$5:$I$14>=_xlpm.d)*1,0)),運賃マスター!$J$5),運賃マスター!$J$17+CEILING((_xlpm.d-100)/10,1)*運賃マスター!$J$16),IF(_xlpm.vt="軽",IF(_xlpm.d<=50,IFERROR(INDEX(運賃マスター!$N$5:$N$14,MATCH(1,(運賃マスター!$M$5:$M$14>=_xlpm.d)*1,0)),運賃マスター!$N$5),IF(_xlpm.d<=100,運賃マスター!$N$15+(_xlpm.d-50)*運賃マスター!$N$16,運賃マスター!$N$17+(_xlpm.d-100)*運賃マスター!$N$18)),IF(_xlpm.vt="3tPG",IF(_xlpm.d<=100,IFERROR(INDEX(運賃マスター!$R$5:$R$14,MATCH(1,(運賃マスター!$Q$5:$Q$14>=_xlpm.d)*1,0)),運賃マスター!$R$5),運賃マスター!$R$17+CEILING((_xlpm.d-100)/10,1)*運賃マスター!$R$16),"")))))),""))}
A15: =IF(B15="","",COUNTA($B$5:B15)) | K15: {=IF(OR(H15="",L15=""),"",IFERROR(_xlfn.LET(_xlpm.vt,VLOOKUP(IFERROR(VALUE(LEFT(H15,FIND("＊",H15&"＊")-1)),H15),運賃マスター!$A$22:$B$40,2,FALSE),_xlpm.d,L15,IF(OR(_xlpm.vt="2t",_xlpm.vt="2tユニック",_xlpm.vt="2ｔユニック"),IF(_xlpm.d<=100,IFERROR(INDEX(運賃マスター!$B$5:$B$14,MATCH(1,(運賃マスター!$A$5:$A$14>=_xlpm.d)*1,0)),運賃マスター!$B$5),運賃マスター!$B$17+CEILING((_xlpm.d-100)/10,1)*運賃マスター!$B$16),IF(OR(_xlpm.vt="3t",_xlpm.vt="3tユニック",_xlpm.vt="3ｔユニック"),IF(_xlpm.d<=100,IFERROR(INDEX(運賃マスター!$F$5:$F$14,MATCH(1,(運賃マスター!$E$5:$E$14>=_xlpm.d)*1,0)),運賃マスター!$F$5),運賃マスター!$F$17+CEILING((_xlpm.d-100)/10,1)*運賃マスター!$F$16),IF(_xlpm.vt="1t",IF(_xlpm.d<=100,IFERROR(INDEX(運賃マスター!$J$5:$J$14,MATCH(1,(運賃マスター!$I$5:$I$14>=_xlpm.d)*1,0)),運賃マスター!$J$5),運賃マスター!$J$17+CEILING((_xlpm.d-100)/10,1)*運賃マスター!$J$16),IF(_xlpm.vt="軽",IF(_xlpm.d<=50,IFERROR(INDEX(運賃マスター!$N$5:$N$14,MATCH(1,(運賃マスター!$M$5:$M$14>=_xlpm.d)*1,0)),運賃マスター!$N$5),IF(_xlpm.d<=100,運賃マスター!$N$15+(_xlpm.d-50)*運賃マスター!$N$16,運賃マスター!$N$17+(_xlpm.d-100)*運賃マスター!$N$18)),IF(_xlpm.vt="3tPG",IF(_xlpm.d<=100,IFERROR(INDEX(運賃マスター!$R$5:$R$14,MATCH(1,(運賃マスター!$Q$5:$Q$14>=_xlpm.d)*1,0)),運賃マスター!$R$5),運賃マスター!$R$17+CEILING((_xlpm.d-100)/10,1)*運賃マスター!$R$16),"")))))),""))}
A16: =IF(B16="","",COUNTA($B$5:B16)) | K16: {=IF(OR(H16="",L16=""),"",IFERROR(_xlfn.LET(_xlpm.vt,VLOOKUP(IFERROR(VALUE(LEFT(H16,FIND("＊",H16&"＊")-1)),H16),運賃マスター!$A$22:$B$40,2,FALSE),_xlpm.d,L16,IF(OR(_xlpm.vt="2t",_xlpm.vt="2tユニック",_xlpm.vt="2ｔユニック"),IF(_xlpm.d<=100,IFERROR(INDEX(運賃マスター!$B$5:$B$14,MATCH(1,(運賃マスター!$A$5:$A$14>=_xlpm.d)*1,0)),運賃マスター!$B$5),運賃マスター!$B$17+CEILING((_xlpm.d-100)/10,1)*運賃マスター!$B$16),IF(OR(_xlpm.vt="3t",_xlpm.vt="3tユニック",_xlpm.vt="3ｔユニック"),IF(_xlpm.d<=100,IFERROR(INDEX(運賃マスター!$F$5:$F$14,MATCH(1,(運賃マスター!$E$5:$E$14>=_xlpm.d)*1,0)),運賃マスター!$F$5),運賃マスター!$F$17+CEILING((_xlpm.d-100)/10,1)*運賃マスター!$F$16),IF(_xlpm.vt="1t",IF(_xlpm.d<=100,IFERROR(INDEX(運賃マスター!$J$5:$J$14,MATCH(1,(運賃マスター!$I$5:$I$14>=_xlpm.d)*1,0)),運賃マスター!$J$5),運賃マスター!$J$17+CEILING((_xlpm.d-100)/10,1)*運賃マスター!$J$16),IF(_xlpm.vt="軽",IF(_xlpm.d<=50,IFERROR(INDEX(運賃マスター!$N$5:$N$14,MATCH(1,(運賃マスター!$M$5:$M$14>=_xlpm.d)*1,0)),運賃マスター!$N$5),IF(_xlpm.d<=100,運賃マスター!$N$15+(_xlpm.d-50)*運賃マスター!$N$16,運賃マスター!$N$17+(_xlpm.d-100)*運賃マスター!$N$18)),IF(_xlpm.vt="3tPG",IF(_xlpm.d<=100,IFERROR(INDEX(運賃マスター!$R$5:$R$14,MATCH(1,(運賃マスター!$Q$5:$Q$14>=_xlpm.d)*1,0)),運賃マスター!$R$5),運賃マスター!$R$17+CEILING((_xlpm.d-100)/10,1)*運賃マスター!$R$16),"")))))),""))}
A17: =IF(B17="","",COUNTA($B$5:B17)) | K17: {=IF(OR(H17="",L17=""),"",IFERROR(_xlfn.LET(_xlpm.vt,VLOOKUP(IFERROR(VALUE(LEFT(H17,FIND("＊",H17&"＊")-1)),H17),運賃マスター!$A$22:$B$40,2,FALSE),_xlpm.d,L17,IF(OR(_xlpm.vt="2t",_xlpm.vt="2tユニック",_xlpm.vt="2ｔユニック"),IF(_xlpm.d<=100,IFERROR(INDEX(運賃マスター!$B$5:$B$14,MATCH(1,(運賃マスター!$A$5:$A$14>=_xlpm.d)*1,0)),運賃マスター!$B$5),運賃マスター!$B$17+CEILING((_xlpm.d-100)/10,1)*運賃マスター!$B$16),IF(OR(_xlpm.vt="3t",_xlpm.vt="3tユニック",_xlpm.vt="3ｔユニック"),IF(_xlpm.d<=100,IFERROR(INDEX(運賃マスター!$F$5:$F$14,MATCH(1,(運賃マスター!$E$5:$E$14>=_xlpm.d)*1,0)),運賃マスター!$F$5),運賃マスター!$F$17+CEILING((_xlpm.d-100)/10,1)*運賃マスター!$F$16),IF(_xlpm.vt="1t",IF(_xlpm.d<=100,IFERROR(INDEX(運賃マスター!$J$5:$J$14,MATCH(1,(運賃マスター!$I$5:$I$14>=_xlpm.d)*1,0)),運賃マスター!$J$5),運賃マスター!$J$17+CEILING((_xlpm.d-100)/10,1)*運賃マスター!$J$16),IF(_xlpm.vt="軽",IF(_xlpm.d<=50,IFERROR(INDEX(運賃マスター!$N$5:$N$14,MATCH(1,(運賃マスター!$M$5:$M$14>=_xlpm.d)*1,0)),運賃マスター!$N$5),IF(_xlpm.d<=100,運賃マスター!$N$15+(_xlpm.d-50)*運賃マスター!$N$16,運賃マスター!$N$17+(_xlpm.d-100)*運賃マスター!$N$18)),IF(_xlpm.vt="3tPG",IF(_xlpm.d<=100,IFERROR(INDEX(運賃マスター!$R$5:$R$14,MATCH(1,(運賃マスター!$Q$5:$Q$14>=_xlpm.d)*1,0)),運賃マスター!$R$5),運賃マスター!$R$17+CEILING((_xlpm.d-100)/10,1)*運賃マスター!$R$16),"")))))),""))}
A18: =IF(B18="","",COUNTA($B$5:B18)) | K18: {=IF(OR(H18="",L18=""),"",IFERROR(_xlfn.LET(_xlpm.vt,VLOOKUP(IFERROR(VALUE(LEFT(H18,FIND("＊",H18&"＊")-1)),H18),運賃マスター!$A$22:$B$40,2,FALSE),_xlpm.d,L18,IF(OR(_xlpm.vt="2t",_xlpm.vt="2tユニック",_xlpm.vt="2ｔユニック"),IF(_xlpm.d<=100,IFERROR(INDEX(運賃マスター!$B$5:$B$14,MATCH(1,(運賃マスター!$A$5:$A$14>=_xlpm.d)*1,0)),運賃マスター!$B$5),運賃マスター!$B$17+CEILING((_xlpm.d-100)/10,1)*運賃マスター!$B$16),IF(OR(_xlpm.vt="3t",_xlpm.vt="3tユニック",_xlpm.vt="3ｔユニック"),IF(_xlpm.d<=100,IFERROR(INDEX(運賃マスター!$F$5:$F$14,MATCH(1,(運賃マスター!$E$5:$E$14>=_xlpm.d)*1,0)),運賃マスター!$F$5),運賃マスター!$F$17+CEILING((_xlpm.d-100)/10,1)*運賃マスター!$F$16),IF(_xlpm.vt="1t",IF(_xlpm.d<=100,IFERROR(INDEX(運賃マスター!$J$5:$J$14,MATCH(1,(運賃マスター!$I$5:$I$14>=_xlpm.d)*1,0)),運賃マスター!$J$5),運賃マスター!$J$17+CEILING((_xlpm.d-100)/10,1)*運賃マスター!$J$16),IF(_xlpm.vt="軽",IF(_xlpm.d<=50,IFERROR(INDEX(運賃マスター!$N$5:$N$14,MATCH(1,(運賃マスター!$M$5:$M$14>=_xlpm.d)*1,0)),運賃マスター!$N$5),IF(_xlpm.d<=100,運賃マスター!$N$15+(_xlpm.d-50)*運賃マスター!$N$16,運賃マスター!$N$17+(_xlpm.d-100)*運賃マスター!$N$18)),IF(_xlpm.vt="3tPG",IF(_xlpm.d<=100,IFERROR(INDEX(運賃マスター!$R$5:$R$14,MATCH(1,(運賃マスター!$Q$5:$Q$14>=_xlpm.d)*1,0)),運賃マスター!$R$5),運賃マスター!$R$17+CEILING((_xlpm.d-100)/10,1)*運賃マスター!$R$16),"")))))),""))}
A19: =IF(B19="","",COUNTA($B$5:B19)) | K19: {=IF(OR(H19="",L19=""),"",IFERROR(_xlfn.LET(_xlpm.vt,VLOOKUP(IFERROR(VALUE(LEFT(H19,FIND("＊",H19&"＊")-1)),H19),運賃マスター!$A$22:$B$40,2,FALSE),_xlpm.d,L19,IF(OR(_xlpm.vt="2t",_xlpm.vt="2tユニック",_xlpm.vt="2ｔユニック"),IF(_xlpm.d<=100,IFERROR(INDEX(運賃マスター!$B$5:$B$14,MATCH(1,(運賃マスター!$A$5:$A$14>=_xlpm.d)*1,0)),運賃マスター!$B$5),運賃マスター!$B$17+CEILING((_xlpm.d-100)/10,1)*運賃マスター!$B$16),IF(OR(_xlpm.vt="3t",_xlpm.vt="3tユニック",_xlpm.vt="3ｔユニック"),IF(_xlpm.d<=100,IFERROR(INDEX(運賃マスター!$F$5:$F$14,MATCH(1,(運賃マスター!$E$5:$E$14>=_xlpm.d)*1,0)),運賃マスター!$F$5),運賃マスター!$F$17+CEILING((_xlpm.d-100)/10,1)*運賃マスター!$F$16),IF(_xlpm.vt="1t",IF(_xlpm.d<=100,IFERROR(INDEX(運賃マスター!$J$5:$J$14,MATCH(1,(運賃マスター!$I$5:$I$14>=_xlpm.d)*1,0)),運賃マスター!$J$5),運賃マスター!$J$17+CEILING((_xlpm.d-100)/10,1)*運賃マスター!$J$16),IF(_xlpm.vt="軽",IF(_xlpm.d<=50,IFERROR(INDEX(運賃マスター!$N$5:$N$14,MATCH(1,(運賃マスター!$M$5:$M$14>=_xlpm.d)*1,0)),運賃マスター!$N$5),IF(_xlpm.d<=100,運賃マスター!$N$15+(_xlpm.d-50)*運賃マスター!$N$16,運賃マスター!$N$17+(_xlpm.d-100)*運賃マスター!$N$18)),IF(_xlpm.vt="3tPG",IF(_xlpm.d<=100,IFERROR(INDEX(運賃マスター!$R$5:$R$14,MATCH(1,(運賃マスター!$Q$5:$Q$14>=_xlpm.d)*1,0)),運賃マスター!$R$5),運賃マスター!$R$17+CEILING((_xlpm.d-100)/10,1)*運賃マスター!$R$16),"")))))),""))}
... A28: =IF(B28="","",COUNTA($B$5:B28)) | K28: {=IF(OR(H28="",L28=""),"",IFERROR(_xlfn.LET(_xlpm.vt,VLOOKUP(IFERROR(VALUE(LEFT(H28,FIND("＊",H28&"＊")-1)),H28),運賃マスター!$A$22:$B$40,2,FALSE),_xlpm.d,L28,IF(OR(_xlpm.vt="2t",_xlpm.vt="2tユニック",_xlpm.vt="2ｔユニック"),IF(_xlpm.d<=100,IFERROR(INDEX(運賃マスター!$B$5:$B$14,MATCH(1,(運賃マスター!$A$5:$A$14>=_xlpm.d)*1,0)),運賃マスター!$B$5),運賃マスター!$B$17+CEILING((_xlpm.d-100)/10,1)*運賃マスター!$B$16),IF(OR(_xlpm.vt="3t",_xlpm.vt="3tユニック",_xlpm.vt="3ｔユニック"),IF(_xlpm.d<=100,IFERROR(INDEX(運賃マスター!$F$5:$F$14,MATCH(1,(運賃マスター!$E$5:$E$14>=_xlpm.d)*1,0)),運賃マスター!$F$5),運賃マスター!$F$17+CEILING((_xlpm.d-100)/10,1)*運賃マスター!$F$16),IF(_xlpm.vt="1t",IF(_xlpm.d<=100,IFERROR(INDEX(運賃マスター!$J$5:$J$14,MATCH(1,(運賃マスター!$I$5:$I$14>=_xlpm.d)*1,0)),運賃マスター!$J$5),運賃マスター!$J$17+CEILING((_xlpm.d-100)/10,1)*運賃マスター!$J$16),IF(_xlpm.vt="軽",IF(_xlpm.d<=50,IFERROR(INDEX(運賃マスター!$N$5:$N$14,MATCH(1,(運賃マスター!$M$5:$M$14>=_xlpm.d)*1,0)),運賃マスター!$N$5),IF(_xlpm.d<=100,運賃マスター!$N$15+(_xlpm.d-50)*運賃マスター!$N$16,運賃マスター!$N$17+(_xlpm.d-100)*運賃マスター!$N$18)),IF(_xlpm.vt="3tPG",IF(_xlpm.d<=100,IFERROR(INDEX(運賃マスター!$R$5:$R$14,MATCH(1,(運賃マスター!$Q$5:$Q$14>=_xlpm.d)*1,0)),運賃マスター!$R$5),運賃マスター!$R$17+CEILING((_xlpm.d-100)/10,1)*運賃マスター!$R$16),"")))))),""))}
K29: {=IF(OR(H29="",L29=""),"",IFERROR(_xlfn.LET(_xlpm.vt,VLOOKUP(IFERROR(VALUE(LEFT(H29,FIND("＊",H29&"＊")-1)),H29),運賃マスター!$A$22:$B$40,2,FALSE),_xlpm.d,L29,IF(OR(_xlpm.vt="2t",_xlpm.vt="2tユニック",_xlpm.vt="2ｔユニック"),IF(_xlpm.d<=100,IFERROR(INDEX(運賃マスター!$B$5:$B$14,MATCH(1,(運賃マスター!$A$5:$A$14>=_xlpm.d)*1,0)),運賃マスター!$B$5),運賃マスター!$B$17+CEILING((_xlpm.d-100)/10,1)*運賃マスター!$B$16),IF(OR(_xlpm.vt="3t",_xlpm.vt="3tユニック",_xlpm.vt="3ｔユニック"),IF(_xlpm.d<=100,IFERROR(INDEX(運賃マスター!$F$5:$F$14,MATCH(1,(運賃マスター!$E$5:$E$14>=_xlpm.d)*1,0)),運賃マスター!$F$5),運賃マスター!$F$17+CEILING((_xlpm.d-100)/10,1)*運賃マスター!$F$16),IF(_xlpm.vt="1t",IF(_xlpm.d<=100,IFERROR(INDEX(運賃マスター!$J$5:$J$14,MATCH(1,(運賃マスター!$I$5:$I$14>=_xlpm.d)*1,0)),運賃マスター!$J$5),運賃マスター!$J$17+CEILING((_xlpm.d-100)/10,1)*運賃マスター!$J$16),IF(_xlpm.vt="軽",IF(_xlpm.d<=50,IFERROR(INDEX(運賃マスター!$N$5:$N$14,MATCH(1,(運賃マスター!$M$5:$M$14>=_xlpm.d)*1,0)),運賃マスター!$N$5),IF(_xlpm.d<=100,運賃マスター!$N$15+(_xlpm.d-50)*運賃マスター!$N$16,運賃マスター!$N$17+(_xlpm.d-100)*運賃マスター!$N$18)),IF(_xlpm.vt="3tPG",IF(_xlpm.d<=100,IFERROR(INDEX(運賃マスター!$R$5:$R$14,MATCH(1,(運賃マスター!$Q$5:$Q$14>=_xlpm.d)*1,0)),運賃マスター!$R$5),運賃マスター!$R$17+CEILING((_xlpm.d-100)/10,1)*運賃マスター!$R$16),"")))))),""))}
K30: {=IF(OR(H30="",L30=""),"",IFERROR(_xlfn.LET(_xlpm.vt,VLOOKUP(IFERROR(VALUE(LEFT(H30,FIND("＊",H30&"＊")-1)),H30),運賃マスター!$A$22:$B$40,2,FALSE),_xlpm.d,L30,IF(OR(_xlpm.vt="2t",_xlpm.vt="2tユニック",_xlpm.vt="2ｔユニック"),IF(_xlpm.d<=100,IFERROR(INDEX(運賃マスター!$B$5:$B$14,MATCH(1,(運賃マスター!$A$5:$A$14>=_xlpm.d)*1,0)),運賃マスター!$B$5),運賃マスター!$B$17+CEILING((_xlpm.d-100)/10,1)*運賃マスター!$B$16),IF(OR(_xlpm.vt="3t",_xlpm.vt="3tユニック",_xlpm.vt="3ｔユニック"),IF(_xlpm.d<=100,IFERROR(INDEX(運賃マスター!$F$5:$F$14,MATCH(1,(運賃マスター!$E$5:$E$14>=_xlpm.d)*1,0)),運賃マスター!$F$5),運賃マスター!$F$17+CEILING((_xlpm.d-100)/10,1)*運賃マスター!$F$16),IF(_xlpm.vt="1t",IF(_xlpm.d<=100,IFERROR(INDEX(運賃マスター!$J$5:$J$14,MATCH(1,(運賃マスター!$I$5:$I$14>=_xlpm.d)*1,0)),運賃マスター!$J$5),運賃マスター!$J$17+CEILING((_xlpm.d-100)/10,1)*運賃マスター!$J$16),IF(_xlpm.vt="軽",IF(_xlpm.d<=50,IFERROR(INDEX(運賃マスター!$N$5:$N$14,MATCH(1,(運賃マスター!$M$5:$M$14>=_xlpm.d)*1,0)),運賃マスター!$N$5),IF(_xlpm.d<=100,運賃マスター!$N$15+(_xlpm.d-50)*運賃マスター!$N$16,運賃マスター!$N$17+(_xlpm.d-100)*運賃マスター!$N$18)),IF(_xlpm.vt="3tPG",IF(_xlpm.d<=100,IFERROR(INDEX(運賃マスター!$R$5:$R$14,MATCH(1,(運賃マスター!$Q$5:$Q$14>=_xlpm.d)*1,0)),運賃マスター!$R$5),運賃マスター!$R$17+CEILING((_xlpm.d-100)/10,1)*運賃マスター!$R$16),"")))))),""))}
C31: ライトベース | D31: 現在待機場所 | E31: 待機予定場所 | H31: 目標距離 | K31: {=IF(OR(H31="",L31=""),"",IFERROR(_xlfn.LET(_xlpm.vt,VLOOKUP(IFERROR(VALUE(LEFT(H31,FIND("＊",H31&"＊")-1)),H31),運賃マスター!$A$22:$B$40,2,FALSE),_xlpm.d,L31,IF(OR(_xlpm.vt="2t",_xlpm.vt="2tユニック",_xlpm.vt="2ｔユニック"),IF(_xlpm.d<=100,IFERROR(INDEX(運賃マスター!$B$5:$B$14,MATCH(1,(運賃マスター!$A$5:$A$14>=_xlpm.d)*1,0)),運賃マスター!$B$5),運賃マスター!$B$17+CEILING((_xlpm.d-100)/10,1)*運賃マスター!$B$16),IF(OR(_xlpm.vt="3t",_xlpm.vt="3tユニック",_xlpm.vt="3ｔユニック"),IF(_xlpm.d<=100,IFERROR(INDEX(運賃マスター!$F$5:$F$14,MATCH(1,(運賃マスター!$E$5:$E$14>=_xlpm.d)*1,0)),運賃マスター!$F$5),運賃マスター!$F$17+CEILING((_xlpm.d-100)/10,1)*運賃マスター!$F$16),IF(_xlpm.vt="1t",IF(_xlpm.d<=100,IFERROR(INDEX(運賃マスター!$J$5:$J$14,MATCH(1,(運賃マスター!$I$5:$I$14>=_xlpm.d)*1,0)),運賃マスター!$J$5),運賃マスター!$J$17+CEILING((_xlpm.d-100)/10,1)*運賃マスター!$J$16),IF(_xlpm.vt="軽",IF(_xlpm.d<=50,IFERROR(INDEX(運賃マスター!$N$5:$N$14,MATCH(1,(運賃マスター!$M$5:$M$14>=_xlpm.d)*1,0)),運賃マスター!$N$5),IF(_xlpm.d<=100,運賃マスター!$N$15+(_xlpm.d-50)*運賃マスター!$N$16,運賃マスター!$N$17+(_xlpm.d-100)*運賃マスター!$N$18)),IF(_xlpm.vt="3tPG",IF(_xlpm.d<=100,IFERROR(INDEX(運賃マスター!$R$5:$R$14,MATCH(1,(運賃マスター!$Q$5:$Q$14>=_xlpm.d)*1,0)),運賃マスター!$R$5),運賃マスター!$R$17+CEILING((_xlpm.d-100)/10,1)*運賃マスター!$R$16),"")))))),""))}
B32: 2(255) | C32: ライトベース
B33: 8(254) | C33: 砂川 | H33: 残距離 | K33: {=IF(OR(H33="",L33=""),"",IFERROR(_xlfn.LET(_xlpm.vt,VLOOKUP(IFERROR(VALUE(LEFT(H33,FIND("＊",H33&"＊")-1)),H33),運賃マスター!$A$22:$B$40,2,FALSE),_xlpm.d,L33,IF(OR(_xlpm.vt="2t",_xlpm.vt="2tユニック",_xlpm.vt="2ｔユニック"),IF(_xlpm.d<=100,IFERROR(INDEX(運賃マスター!$B$5:$B$14,MATCH(1,(運賃マスター!$A$5:$A$14>=_xlpm.d)*1,0)),運賃マスター!$B$5),運賃マスター!$B$17+CEILING((_xlpm.d-100)/10,1)*運賃マスター!$B$16),IF(OR(_xlpm.vt="3t",_xlpm.vt="3tユニック",_xlpm.vt="3ｔユニック"),IF(_xlpm.d<=100,IFERROR(INDEX(運賃マスター!$F$5:$F$14,MATCH(1,(運賃マスター!$E$5:$E$14>=_xlpm.d)*1,0)),運賃マスター!$F$5),運賃マスター!$F$17+CEILING((_xlpm.d-100)/10,1)*運賃マスター!$F$16),IF(_xlpm.vt="1t",IF(_xlpm.d<=100,IFERROR(INDEX(運賃マスター!$J$5:$J$14,MATCH(1,(運賃マスター!$I$5:$I$14>=_xlpm.d)*1,0)),運賃マスター!$J$5),運賃マスター!$J$17+CEILING((_xlpm.d-100)/10,1)*運賃マスター!$J$16),IF(_xlpm.vt="軽",IF(_xlpm.d<=50,IFERROR(INDEX(運賃マスター!$N$5:$N$14,MATCH(1,(運賃マスター!$M$5:$M$14>=_xlpm.d)*1,0)),運賃マスター!$N$5),IF(_xlpm.d<=100,運賃マスター!$N$15+(_xlpm.d-50)*運賃マスター!$N$16,運賃マスター!$N$17+(_xlpm.d-100)*運賃マスター!$N$18)),IF(_xlpm.vt="3tPG",IF(_xlpm.d<=100,IFERROR(INDEX(運賃マスター!$R$5:$R$14,MATCH(1,(運賃マスター!$Q$5:$Q$14>=_xlpm.d)*1,0)),運賃マスター!$R$5),運賃マスター!$R$17+CEILING((_xlpm.d-100)/10,1)*運賃マスター!$R$16),"")))))),""))}
B34: 9(256) | C34: 前川
B35: 10(257) | K35: {=IF(OR(H35="",L35=""),"",IFERROR(_xlfn.LET(_xlpm.vt,VLOOKUP(IFERROR(VALUE(LEFT(H35,FIND("＊",H35&"＊")-1)),H35),運賃マスター!$A$22:$B$40,2,FALSE),_xlpm.d,L35,IF(OR(_xlpm.vt="2t",_xlpm.vt="2tユニック",_xlpm.vt="2ｔユニック"),IF(_xlpm.d<=100,IFERROR(INDEX(運賃マスター!$B$5:$B$14,MATCH(1,(運賃マスター!$A$5:$A$14>=_xlpm.d)*1,0)),運賃マスター!$B$5),運賃マスター!$B$17+CEILING((_xlpm.d-100)/10,1)*運賃マスター!$B$16),IF(OR(_xlpm.vt="3t",_xlpm.vt="3tユニック",_xlpm.vt="3ｔユニック"),IF(_xlpm.d<=100,IFERROR(INDEX(運賃マスター!$F$5:$F$14,MATCH(1,(運賃マスター!$E$5:$E$14>=_xlpm.d)*1,0)),運賃マスター!$F$5),運賃マスター!$F$17+CEILING((_xlpm.d-100)/10,1)*運賃マスター!$F$16),IF(_xlpm.vt="1t",IF(_xlpm.d<=100,IFERROR(INDEX(運賃マスター!$J$5:$J$14,MATCH(1,(運賃マスター!$I$5:$I$14>=_xlpm.d)*1,0)),運賃マスター!$J$5),運賃マスター!$J$17+CEILING((_xlpm.d-100)/10,1)*運賃マスター!$J$16),IF(_xlpm.vt="軽",IF(_xlpm.d<=50,IFERROR(INDEX(運賃マスター!$N$5:$N$14,MATCH(1,(運賃マスター!$M$5:$M$14>=_xlpm.d)*1,0)),運賃マスター!$N$5),IF(_xlpm.d<=100,運賃マスター!$N$15+(_xlpm.d-50)*運賃マスター!$N$16,運賃マスター!$N$17+(_xlpm.d-100)*運賃マスター!$N$18)),IF(_xlpm.vt="3tPG",IF(_xlpm.d<=100,IFERROR(INDEX(運賃マスター!$R$5:$R$14,MATCH(1,(運賃マスター!$Q$5:$Q$14>=_xlpm.d)*1,0)),運賃マスター!$R$5),運賃マスター!$R$17+CEILING((_xlpm.d-100)/10,1)*運賃マスター!$R$16),"")))))),""))}
B36: 11(258) | C36: 郡司 | H36: 依頼件数 | K36: {=IF(OR(H36="",L36=""),"",IFERROR(_xlfn.LET(_xlpm.vt,VLOOKUP(IFERROR(VALUE(LEFT(H36,FIND("＊",H36&"＊")-1)),H36),運賃マスター!$A$22:$B$40,2,FALSE),_xlpm.d,L36,IF(OR(_xlpm.vt="2t",_xlpm.vt="2tユニック",_xlpm.vt="2ｔユニック"),IF(_xlpm.d<=100,IFERROR(INDEX(運賃マスター!$B$5:$B$14,MATCH(1,(運賃マスター!$A$5:$A$14>=_xlpm.d)*1,0)),運賃マスター!$B$5),運賃マスター!$B$17+CEILING((_xlpm.d-100)/10,1)*運賃マスター!$B$16),IF(OR(_xlpm.vt="3t",_xlpm.vt="3tユニック",_xlpm.vt="3ｔユニック"),IF(_xlpm.d<=100,IFERROR(INDEX(運賃マスター!$F$5:$F$14,MATCH(1,(運賃マスター!$E$5:$E$14>=_xlpm.d)*1,0)),運賃マスター!$F$5),運賃マスター!$F$17+CEILING((_xlpm.d-100)/10,1)*運賃マスター!$F$16),IF(_xlpm.vt="1t",IF(_xlpm.d<=100,IFERROR(INDEX(運賃マスター!$J$5:$J$14,MATCH(1,(運賃マスター!$I$5:$I$14>=_xlpm.d)*1,0)),運賃マスター!$J$5),運賃マスター!$J$17+CEILING((_xlpm.d-100)/10,1)*運賃マスター!$J$16),IF(_xlpm.vt="軽",IF(_xlpm.d<=50,IFERROR(INDEX(運賃マスター!$N$5:$N$14,MATCH(1,(運賃マスター!$M$5:$M$14>=_xlpm.d)*1,0)),運賃マスター!$N$5),IF(_xlpm.d<=100,運賃マスター!$N$15+(_xlpm.d-50)*運賃マスター!$N$16,運賃マスター!$N$17+(_xlpm.d-100)*運賃マスター!$N$18)),IF(_xlpm.vt="3tPG",IF(_xlpm.d<=100,IFERROR(INDEX(運賃マスター!$R$5:$R$14,MATCH(1,(運賃マスター!$Q$5:$Q$14>=_xlpm.d)*1,0)),運賃マスター!$R$5),運賃マスター!$R$17+CEILING((_xlpm.d-100)/10,1)*運賃マスター!$R$16),"")))))),""))}
B37: 12(736)
B38: 13(737) | K38: {=IF(OR(H38="",L38=""),"",IFERROR(_xlfn.LET(_xlpm.vt,VLOOKUP(IFERROR(VALUE(LEFT(H38,FIND("＊",H38&"＊")-1)),H38),運賃マスター!$A$22:$B$40,2,FALSE),_xlpm.d,L38,IF(OR(_xlpm.vt="2t",_xlpm.vt="2tユニック",_xlpm.vt="2ｔユニック"),IF(_xlpm.d<=100,IFERROR(INDEX(運賃マスター!$B$5:$B$14,MATCH(1,(運賃マスター!$A$5:$A$14>=_xlpm.d)*1,0)),運賃マスター!$B$5),運賃マスター!$B$17+CEILING((_xlpm.d-100)/10,1)*運賃マスター!$B$16),IF(OR(_xlpm.vt="3t",_xlpm.vt="3tユニック",_xlpm.vt="3ｔユニック"),IF(_xlpm.d<=100,IFERROR(INDEX(運賃マスター!$F$5:$F$14,MATCH(1,(運賃マスター!$E$5:$E$14>=_xlpm.d)*1,0)),運賃マスター!$F$5),運賃マスター!$F$17+CEILING((_xlpm.d-100)/10,1)*運賃マスター!$F$16),IF(_xlpm.vt="1t",IF(_xlpm.d<=100,IFERROR(INDEX(運賃マスター!$J$5:$J$14,MATCH(1,(運賃マスター!$I$5:$I$14>=_xlpm.d)*1,0)),運賃マスター!$J$5),運賃マスター!$J$17+CEILING((_xlpm.d-100)/10,1)*運賃マスター!$J$16),IF(_xlpm.vt="軽",IF(_xlpm.d<=50,IFERROR(INDEX(運賃マスター!$N$5:$N$14,MATCH(1,(運賃マスター!$M$5:$M$14>=_xlpm.d)*1,0)),運賃マスター!$N$5),IF(_xlpm.d<=100,運賃マスター!$N$15+(_xlpm.d-50)*運賃マスター!$N$16,運賃マスター!$N$17+(_xlpm.d-100)*運賃マスター!$N$18)),IF(_xlpm.vt="3tPG",IF(_xlpm.d<=100,IFERROR(INDEX(運賃マスター!$R$5:$R$14,MATCH(1,(運賃マスター!$Q$5:$Q$14>=_xlpm.d)*1,0)),運賃マスター!$R$5),運賃マスター!$R$17+CEILING((_xlpm.d-100)/10,1)*運賃マスター!$R$16),"")))))),""))}
B39: 14(738) | C39: 辻井 | K39: {=IF(OR(H39="",L39=""),"",IFERROR(_xlfn.LET(_xlpm.vt,VLOOKUP(IFERROR(VALUE(LEFT(H39,FIND("＊",H39&"＊")-1)),H39),運賃マスター!$A$22:$B$40,2,FALSE),_xlpm.d,L39,IF(OR(_xlpm.vt="2t",_xlpm.vt="2tユニック",_xlpm.vt="2ｔユニック"),IF(_xlpm.d<=100,IFERROR(INDEX(運賃マスター!$B$5:$B$14,MATCH(1,(運賃マスター!$A$5:$A$14>=_xlpm.d)*1,0)),運賃マスター!$B$5),運賃マスター!$B$17+CEILING((_xlpm.d-100)/10,1)*運賃マスター!$B$16),IF(OR(_xlpm.vt="3t",_xlpm.vt="3tユニック",_xlpm.vt="3ｔユニック"),IF(_xlpm.d<=100,IFERROR(INDEX(運賃マスター!$F$5:$F$14,MATCH(1,(運賃マスター!$E$5:$E$14>=_xlpm.d)*1,0)),運賃マスター!$F$5),運賃マスター!$F$17+CEILING((_xlpm.d-100)/10,1)*運賃マスター!$F$16),IF(_xlpm.vt="1t",IF(_xlpm.d<=100,IFERROR(INDEX(運賃マスター!$J$5:$J$14,MATCH(1,(運賃マスター!$I$5:$I$14>=_xlpm.d)*1,0)),運賃マスター!$J$5),運賃マスター!$J$17+CEILING((_xlpm.d-100)/10,1)*運賃マスター!$J$16),IF(_xlpm.vt="軽",IF(_xlpm.d<=50,IFERROR(INDEX(運賃マスター!$N$5:$N$14,MATCH(1,(運賃マスター!$M$5:$M$14>=_xlpm.d)*1,0)),運賃マスター!$N$5),IF(_xlpm.d<=100,運賃マスター!$N$15+(_xlpm.d-50)*運賃マスター!$N$16,運賃マスター!$N$17+(_xlpm.d-100)*運賃マスター!$N$18)),IF(_xlpm.vt="3tPG",IF(_xlpm.d<=100,IFERROR(INDEX(運賃マスター!$R$5:$R$14,MATCH(1,(運賃マスター!$Q$5:$Q$14>=_xlpm.d)*1,0)),運賃マスター!$R$5),運賃マスター!$R$17+CEILING((_xlpm.d-100)/10,1)*運賃マスター!$R$16),"")))))),""))}
K40: {=IF(OR(H40="",L40=""),"",IFERROR(_xlfn.LET(_xlpm.vt,VLOOKUP(IFERROR(VALUE(LEFT(H40,FIND("＊",H40&"＊")-1)),H40),運賃マスター!$A$22:$B$40,2,FALSE),_xlpm.d,L40,IF(OR(_xlpm.vt="2t",_xlpm.vt="2tユニック",_xlpm.vt="2ｔユニック"),IF(_xlpm.d<=100,IFERROR(INDEX(運賃マスター!$B$5:$B$14,MATCH(1,(運賃マスター!$A$5:$A$14>=_xlpm.d)*1,0)),運賃マスター!$B$5),運賃マスター!$B$17+CEILING((_xlpm.d-100)/10,1)*運賃マスター!$B$16),IF(OR(_xlpm.vt="3t",_xlpm.vt="3tユニック",_xlpm.vt="3ｔユニック"),IF(_xlpm.d<=100,IFERROR(INDEX(運賃マスター!$F$5:$F$14,MATCH(1,(運賃マスター!$E$5:$E$14>=_xlpm.d)*1,0)),運賃マスター!$F$5),運賃マスター!$F$17+CEILING((_xlpm.d-100)/10,1)*運賃マスター!$F$16),IF(_xlpm.vt="1t",IF(_xlpm.d<=100,IFERROR(INDEX(運賃マスター!$J$5:$J$14,MATCH(1,(運賃マスター!$I$5:$I$14>=_xlpm.d)*1,0)),運賃マスター!$J$5),運賃マスター!$J$17+CEILING((_xlpm.d-100)/10,1)*運賃マスター!$J$16),IF(_xlpm.vt="軽",IF(_xlpm.d<=50,IFERROR(INDEX(運賃マスター!$N$5:$N$14,MATCH(1,(運賃マスター!$M$5:$M$14>=_xlpm.d)*1,0)),運賃マスター!$N$5),IF(_xlpm.d<=100,運賃マスター!$N$15+(_xlpm.d-50)*運賃マスター!$N$16,運賃マスター!$N$17+(_xlpm.d-100)*運賃マスター!$N$18)),IF(_xlpm.vt="3tPG",IF(_xlpm.d<=100,IFERROR(INDEX(運賃マスター!$R$5:$R$14,MATCH(1,(運賃マスター!$Q$5:$Q$14>=_xlpm.d)*1,0)),運賃マスター!$R$5),運賃マスター!$R$17+CEILING((_xlpm.d-100)/10,1)*運賃マスター!$R$16),"")))))),""))}
B41: 7290 | C41: 佐藤 | K41: {=IF(OR(H41="",L41=""),"",IFERROR(_xlfn.LET(_xlpm.vt,VLOOKUP(IFERROR(VALUE(LEFT(H41,FIND("＊",H41&"＊")-1)),H41),運賃マスター!$A$22:$B$40,2,FALSE),_xlpm.d,L41,IF(OR(_xlpm.vt="2t",_xlpm.vt="2tユニック",_xlpm.vt="2ｔユニック"),IF(_xlpm.d<=100,IFERROR(INDEX(運賃マスター!$B$5:$B$14,MATCH(1,(運賃マスター!$A$5:$A$14>=_xlpm.d)*1,0)),運賃マスター!$B$5),運賃マスター!$B$17+CEILING((_xlpm.d-100)/10,1)*運賃マスター!$B$16),IF(OR(_xlpm.vt="3t",_xlpm.vt="3tユニック",_xlpm.vt="3ｔユニック"),IF(_xlpm.d<=100,IFERROR(INDEX(運賃マスター!$F$5:$F$14,MATCH(1,(運賃マスター!$E$5:$E$14>=_xlpm.d)*1,0)),運賃マスター!$F$5),運賃マスター!$F$17+CEILING((_xlpm.d-100)/10,1)*運賃マスター!$F$16),IF(_xlpm.vt="1t",IF(_xlpm.d<=100,IFERROR(INDEX(運賃マスター!$J$5:$J$14,MATCH(1,(運賃マスター!$I$5:$I$14>=_xlpm.d)*1,0)),運賃マスター!$J$5),運賃マスター!$J$17+CEILING((_xlpm.d-100)/10,1)*運賃マスター!$J$16),IF(_xlpm.vt="軽",IF(_xlpm.d<=50,IFERROR(INDEX(運賃マスター!$N$5:$N$14,MATCH(1,(運賃マスター!$M$5:$M$14>=_xlpm.d)*1,0)),運賃マスター!$N$5),IF(_xlpm.d<=100,運賃マスター!$N$15+(_xlpm.d-50)*運賃マスター!$N$16,運賃マスター!$N$17+(_xlpm.d-100)*運賃マスター!$N$18)),IF(_xlpm.vt="3tPG",IF(_xlpm.d<=100,IFERROR(INDEX(運賃マスター!$R$5:$R$14,MATCH(1,(運賃マスター!$Q$5:$Q$14>=_xlpm.d)*1,0)),運賃マスター!$R$5),運賃マスター!$R$17+CEILING((_xlpm.d-100)/10,1)*運賃マスター!$R$16),"")))))),""))}
B42: 7291 | C42: 末次 | K42: {=IF(OR(H42="",L42=""),"",IFERROR(_xlfn.LET(_xlpm.vt,VLOOKUP(IFERROR(VALUE(LEFT(H42,FIND("＊",H42&"＊")-1)),H42),運賃マスター!$A$22:$B$40,2,FALSE),_xlpm.d,L42,IF(OR(_xlpm.vt="2t",_xlpm.vt="2tユニック",_xlpm.vt="2ｔユニック"),IF(_xlpm.d<=100,IFERROR(INDEX(運賃マスター!$B$5:$B$14,MATCH(1,(運賃マスター!$A$5:$A$14>=_xlpm.d)*1,0)),運賃マスター!$B$5),運賃マスター!$B$17+CEILING((_xlpm.d-100)/10,1)*運賃マスター!$B$16),IF(OR(_xlpm.vt="3t",_xlpm.vt="3tユニック",_xlpm.vt="3ｔユニック"),IF(_xlpm.d<=100,IFERROR(INDEX(運賃マスター!$F$5:$F$14,MATCH(1,(運賃マスター!$E$5:$E$14>=_xlpm.d)*1,0)),運賃マスター!$F$5),運賃マスター!$F$17+CEILING((_xlpm.d-100)/10,1)*運賃マスター!$F$16),IF(_xlpm.vt="1t",IF(_xlpm.d<=100,IFERROR(INDEX(運賃マスター!$J$5:$J$14,MATCH(1,(運賃マスター!$I$5:$I$14>=_xlpm.d)*1,0)),運賃マスター!$J$5),運賃マスター!$J$17+CEILING((_xlpm.d-100)/10,1)*運賃マスター!$J$16),IF(_xlpm.vt="軽",IF(_xlpm.d<=50,IFERROR(INDEX(運賃マスター!$N$5:$N$14,MATCH(1,(運賃マスター!$M$5:$M$14>=_xlpm.d)*1,0)),運賃マスター!$N$5),IF(_xlpm.d<=100,運賃マスター!$N$15+(_xlpm.d-50)*運賃マスター!$N$16,運賃マスター!$N$17+(_xlpm.d-100)*運賃マスター!$N$18)),IF(_xlpm.vt="3tPG",IF(_xlpm.d<=100,IFERROR(INDEX(運賃マスター!$R$5:$R$14,MATCH(1,(運賃マスター!$Q$5:$Q$14>=_xlpm.d)*1,0)),運賃マスター!$R$5),運賃マスター!$R$17+CEILING((_xlpm.d-100)/10,1)*運賃マスター!$R$16),"")))))),""))}
K43: {=IF(OR(H43="",L43=""),"",IFERROR(_xlfn.LET(_xlpm.vt,VLOOKUP(IFERROR(VALUE(LEFT(H43,FIND("＊",H43&"＊")-1)),H43),運賃マスター!$A$22:$B$40,2,FALSE),_xlpm.d,L43,IF(OR(_xlpm.vt="2t",_xlpm.vt="2tユニック",_xlpm.vt="2ｔユニック"),IF(_xlpm.d<=100,IFERROR(INDEX(運賃マスター!$B$5:$B$14,MATCH(1,(運賃マスター!$A$5:$A$14>=_xlpm.d)*1,0)),運賃マスター!$B$5),運賃マスター!$B$17+CEILING((_xlpm.d-100)/10,1)*運賃マスター!$B$16),IF(OR(_xlpm.vt="3t",_xlpm.vt="3tユニック",_xlpm.vt="3ｔユニック"),IF(_xlpm.d<=100,IFERROR(INDEX(運賃マスター!$F$5:$F$14,MATCH(1,(運賃マスター!$E$5:$E$14>=_xlpm.d)*1,0)),運賃マスター!$F$5),運賃マスター!$F$17+CEILING((_xlpm.d-100)/10,1)*運賃マスター!$F$16),IF(_xlpm.vt="1t",IF(_xlpm.d<=100,IFERROR(INDEX(運賃マスター!$J$5:$J$14,MATCH(1,(運賃マスター!$I$5:$I$14>=_xlpm.d)*1,0)),運賃マスター!$J$5),運賃マスター!$J$17+CEILING((_xlpm.d-100)/10,1)*運賃マスター!$J$16),IF(_xlpm.vt="軽",IF(_xlpm.d<=50,IFERROR(INDEX(運賃マスター!$N$5:$N$14,MATCH(1,(運賃マスター!$M$5:$M$14>=_xlpm.d)*1,0)),運賃マスター!$N$5),IF(_xlpm.d<=100,運賃マスター!$N$15+(_xlpm.d-50)*運賃マスター!$N$16,運賃マスター!$N$17+(_xlpm.d-100)*運賃マスター!$N$18)),IF(_xlpm.vt="3tPG",IF(_xlpm.d<=100,IFERROR(INDEX(運賃マスター!$R$5:$R$14,MATCH(1,(運賃マスター!$Q$5:$Q$14>=_xlpm.d)*1,0)),運賃マスター!$R$5),運賃マスター!$R$17+CEILING((_xlpm.d-100)/10,1)*運賃マスター!$R$16),"")))))),""))}
B44: 333 | C44: 金井/奥田 | K44: {=IF(OR(H44="",L44=""),"",IFERROR(_xlfn.LET(_xlpm.vt,VLOOKUP(IFERROR(VALUE(LEFT(H44,FIND("＊",H44&"＊")-1)),H44),運賃マスター!$A$22:$B$40,2,FALSE),_xlpm.d,L44,IF(OR(_xlpm.vt="2t",_xlpm.vt="2tユニック",_xlpm.vt="2ｔユニック"),IF(_xlpm.d<=100,IFERROR(INDEX(運賃マスター!$B$5:$B$14,MATCH(1,(運賃マスター!$A$5:$A$14>=_xlpm.d)*1,0)),運賃マスター!$B$5),運賃マスター!$B$17+CEILING((_xlpm.d-100)/10,1)*運賃マスター!$B$16),IF(OR(_xlpm.vt="3t",_xlpm.vt="3tユニック",_xlpm.vt="3ｔユニック"),IF(_xlpm.d<=100,IFERROR(INDEX(運賃マスター!$F$5:$F$14,MATCH(1,(運賃マスター!$E$5:$E$14>=_xlpm.d)*1,0)),運賃マスター!$F$5),運賃マスター!$F$17+CEILING((_xlpm.d-100)/10,1)*運賃マスター!$F$16),IF(_xlpm.vt="1t",IF(_xlpm.d<=100,IFERROR(INDEX(運賃マスター!$J$5:$J$14,MATCH(1,(運賃マスター!$I$5:$I$14>=_xlpm.d)*1,0)),運賃マスター!$J$5),運賃マスター!$J$17+CEILING((_xlpm.d-100)/10,1)*運賃マスター!$J$16),IF(_xlpm.vt="軽",IF(_xlpm.d<=50,IFERROR(INDEX(運賃マスター!$N$5:$N$14,MATCH(1,(運賃マスター!$M$5:$M$14>=_xlpm.d)*1,0)),運賃マスター!$N$5),IF(_xlpm.d<=100,運賃マスター!$N$15+(_xlpm.d-50)*運賃マスター!$N$16,運賃マスター!$N$17+(_xlpm.d-100)*運賃マスター!$N$18)),IF(_xlpm.vt="3tPG",IF(_xlpm.d<=100,IFERROR(INDEX(運賃マスター!$R$5:$R$14,MATCH(1,(運賃マスター!$Q$5:$Q$14>=_xlpm.d)*1,0)),運賃マスター!$R$5),運賃マスター!$R$17+CEILING((_xlpm.d-100)/10,1)*運賃マスター!$R$16),"")))))),""))}
B45: 666 | C45: 徳留 | K45: {=IF(OR(H45="",L45=""),"",IFERROR(_xlfn.LET(_xlpm.vt,VLOOKUP(IFERROR(VALUE(LEFT(H45,FIND("＊",H45&"＊")-1)),H45),運賃マスター!$A$22:$B$40,2,FALSE),_xlpm.d,L45,IF(OR(_xlpm.vt="2t",_xlpm.vt="2tユニック",_xlpm.vt="2ｔユニック"),IF(_xlpm.d<=100,IFERROR(INDEX(運賃マスター!$B$5:$B$14,MATCH(1,(運賃マスター!$A$5:$A$14>=_xlpm.d)*1,0)),運賃マスター!$B$5),運賃マスター!$B$17+CEILING((_xlpm.d-100)/10,1)*運賃マスター!$B$16),IF(OR(_xlpm.vt="3t",_xlpm.vt="3tユニック",_xlpm.vt="3ｔユニック"),IF(_xlpm.d<=100,IFERROR(INDEX(運賃マスター!$F$5:$F$14,MATCH(1,(運賃マスター!$E$5:$E$14>=_xlpm.d)*1,0)),運賃マスター!$F$5),運賃マスター!$F$17+CEILING((_xlpm.d-100)/10,1)*運賃マスター!$F$16),IF(_xlpm.vt="1t",IF(_xlpm.d<=100,IFERROR(INDEX(運賃マスター!$J$5:$J$14,MATCH(1,(運賃マスター!$I$5:$I$14>=_xlpm.d)*1,0)),運賃マスター!$J$5),運賃マスター!$J$17+CEILING((_xlpm.d-100)/10,1)*運賃マスター!$J$16),IF(_xlpm.vt="軽",IF(_xlpm.d<=50,IFERROR(INDEX(運賃マスター!$N$5:$N$14,MATCH(1,(運賃マスター!$M$5:$M$14>=_xlpm.d)*1,0)),運賃マスター!$N$5),IF(_xlpm.d<=100,運賃マスター!$N$15+(_xlpm.d-50)*運賃マスター!$N$16,運賃マスター!$N$17+(_xlpm.d-100)*運賃マスター!$N$18)),IF(_xlpm.vt="3tPG",IF(_xlpm.d<=100,IFERROR(INDEX(運賃マスター!$R$5:$R$14,MATCH(1,(運賃マスター!$Q$5:$Q$14>=_xlpm.d)*1,0)),運賃マスター!$R$5),運賃マスター!$R$17+CEILING((_xlpm.d-100)/10,1)*運賃マスター!$R$16),"")))))),""))}
B46: 777 | K46: {=IF(OR(H46="",L46=""),"",IFERROR(_xlfn.LET(_xlpm.vt,VLOOKUP(IFERROR(VALUE(LEFT(H46,FIND("＊",H46&"＊")-1)),H46),運賃マスター!$A$22:$B$40,2,FALSE),_xlpm.d,L46,IF(OR(_xlpm.vt="2t",_xlpm.vt="2tユニック",_xlpm.vt="2ｔユニック"),IF(_xlpm.d<=100,IFERROR(INDEX(運賃マスター!$B$5:$B$14,MATCH(1,(運賃マスター!$A$5:$A$14>=_xlpm.d)*1,0)),運賃マスター!$B$5),運賃マスター!$B$17+CEILING((_xlpm.d-100)/10,1)*運賃マスター!$B$16),IF(OR(_xlpm.vt="3t",_xlpm.vt="3tユニック",_xlpm.vt="3ｔユニック"),IF(_xlpm.d<=100,IFERROR(INDEX(運賃マスター!$F$5:$F$14,MATCH(1,(運賃マスター!$E$5:$E$14>=_xlpm.d)*1,0)),運賃マスター!$F$5),運賃マスター!$F$17+CEILING((_xlpm.d-100)/10,1)*運賃マスター!$F$16),IF(_xlpm.vt="1t",IF(_xlpm.d<=100,IFERROR(INDEX(運賃マスター!$J$5:$J$14,MATCH(1,(運賃マスター!$I$5:$I$14>=_xlpm.d)*1,0)),運賃マスター!$J$5),運賃マスター!$J$17+CEILING((_xlpm.d-100)/10,1)*運賃マスター!$J$16),IF(_xlpm.vt="軽",IF(_xlpm.d<=50,IFERROR(INDEX(運賃マスター!$N$5:$N$14,MATCH(1,(運賃マスター!$M$5:$M$14>=_xlpm.d)*1,0)),運賃マスター!$N$5),IF(_xlpm.d<=100,運賃マスター!$N$15+(_xlpm.d-50)*運賃マスター!$N$16,運賃マスター!$N$17+(_xlpm.d-100)*運賃マスター!$N$18)),IF(_xlpm.vt="3tPG",IF(_xlpm.d<=100,IFERROR(INDEX(運賃マスター!$R$5:$R$14,MATCH(1,(運賃マスター!$Q$5:$Q$14>=_xlpm.d)*1,0)),運賃マスター!$R$5),運賃マスター!$R$17+CEILING((_xlpm.d-100)/10,1)*運賃マスター!$R$16),"")))))),""))}
B47: 330 | K47: {=IF(OR(H47="",L47=""),"",IFERROR(_xlfn.LET(_xlpm.vt,VLOOKUP(IFERROR(VALUE(LEFT(H47,FIND("＊",H47&"＊")-1)),H47),運賃マスター!$A$22:$B$40,2,FALSE),_xlpm.d,L47,IF(OR(_xlpm.vt="2t",_xlpm.vt="2tユニック",_xlpm.vt="2ｔユニック"),IF(_xlpm.d<=100,IFERROR(INDEX(運賃マスター!$B$5:$B$14,MATCH(1,(運賃マスター!$A$5:$A$14>=_xlpm.d)*1,0)),運賃マスター!$B$5),運賃マスター!$B$17+CEILING((_xlpm.d-100)/10,1)*運賃マスター!$B$16),IF(OR(_xlpm.vt="3t",_xlpm.vt="3tユニック",_xlpm.vt="3ｔユニック"),IF(_xlpm.d<=100,IFERROR(INDEX(運賃マスター!$F$5:$F$14,MATCH(1,(運賃マスター!$E$5:$E$14>=_xlpm.d)*1,0)),運賃マスター!$F$5),運賃マスター!$F$17+CEILING((_xlpm.d-100)/10,1)*運賃マスター!$F$16),IF(_xlpm.vt="1t",IF(_xlpm.d<=100,IFERROR(INDEX(運賃マスター!$J$5:$J$14,MATCH(1,(運賃マスター!$I$5:$I$14>=_xlpm.d)*1,0)),運賃マスター!$J$5),運賃マスター!$J$17+CEILING((_xlpm.d-100)/10,1)*運賃マスター!$J$16),IF(_xlpm.vt="軽",IF(_xlpm.d<=50,IFERROR(INDEX(運賃マスター!$N$5:$N$14,MATCH(1,(運賃マスター!$M$5:$M$14>=_xlpm.d)*1,0)),運賃マスター!$N$5),IF(_xlpm.d<=100,運賃マスター!$N$15+(_xlpm.d-50)*運賃マスター!$N$16,運賃マスター!$N$17+(_xlpm.d-100)*運賃マスター!$N$18)),IF(_xlpm.vt="3tPG",IF(_xlpm.d<=100,IFERROR(INDEX(運賃マスター!$R$5:$R$14,MATCH(1,(運賃マスター!$Q$5:$Q$14>=_xlpm.d)*1,0)),運賃マスター!$R$5),運賃マスター!$R$17+CEILING((_xlpm.d-100)/10,1)*運賃マスター!$R$16),"")))))),""))}
B48: 990 | C48: 山原
C50: 出発→到着 | D50: 備考
B51: ① | C51: 東→西 | D51: ①Aチーム優先
B52: ② | C52: 東→東 | D52: ②急ぎ案件の場合、道路状況も伝えてあげる。
B53: ③ | C53: 西→東 | D53: ③各ドライバーの位置からの帰社のタイミング・夕方の配置
B54: ④ | C54: 西→西 | D54: ④依頼を受ける際の、希望時間と現状の位置。行けるか行けないかの判断をしっかりと。
D55: ⑤軽に乗るか乗らないかの判断に気を付ける。
C56: 現状配置(予測) | D56: ⑥18/1日、1.8/1人、3件/1人
B57: 西(神戸西・弥栄台) | D57: ⑦依頼書の見落とし(日付、入替、入出庫、場所）
B58: 真ん中(摩耶・中央) | D58: ⑧3ｔ車と2ｔ車への振り方(西と東に振り分ける)
B59: 東(尼崎・伊丹・西宮) | D59: ⑨
B60: 極東(港区・淀屋橋)
C62: 合計額/380 | D62: =SUM(G62) | F62: 売り上げ額 | G62: =SUM('6 2 (2)'!K4:K18)
C64: 前日までの売上合計額 | D64: =SUM('6 1 '!D54:D55)
F65: 金井（55)
D66: =D62+D64 | F66: 粟津(55)
F67: 砂川(50)
C68: 高代 | F68: 前川(50)
C69: 返還代 | F69: 佐藤(50)
C70: 回収率 | D70: =D69/D68 | F70: 末次(55)
C71: 費 | D71: =D68-D69 | F71: 筒井(75)
F72: 山岸(40)
F73: 多苗(30)

Sheet 6　2 (2)
B2: 46175
B3: 荷主 | C3: 種類 | D3: 積込地 | E3: 積降地 | F3: ユーザー名(搬入/搬出) | G3: 時間 | H3: 号車 | J3: 距離 | K3: 特記事項 | L3: 距離 | M3: メモ
B4: 山岸：休み
A5: =IF(B5="","",COUNTA($B$5:B5)) | I5: =IFERROR(_xlfn.XLOOKUP(H5,案件・ドライバー一覧!$L$3:$L$17,案件・ドライバー一覧!$M$3:$M$17,""),"")
A6: =IF(B6="","",COUNTA($B$5:B6)) | I6: =IFERROR(_xlfn.XLOOKUP(H6,案件・ドライバー一覧!$L$3:$L$17,案件・ドライバー一覧!$M$3:$M$17,""),"")
A7: =IF(B7="","",COUNTA($B$5:B14)) | I7: =IFERROR(_xlfn.XLOOKUP(H7,案件・ドライバー一覧!$L$3:$L$17,案件・ドライバー一覧!$M$3:$M$17,""),"") | K7: {=IF(OR(H7="",L7=""),"",IFERROR(_xlfn.LET(_xlpm.vt,VLOOKUP(IFERROR(VALUE(LEFT(H7,FIND("＊",H7&"＊")-1)),H7),運賃マスター!$A$22:$B$40,2,FALSE),_xlpm.d,L7,IF(OR(_xlpm.vt="2t",_xlpm.vt="2tユニック",_xlpm.vt="2ｔユニック"),IF(_xlpm.d<=100,IFERROR(INDEX(運賃マスター!$B$5:$B$14,MATCH(1,(運賃マスター!$A$5:$A$14>=_xlpm.d)*1,0)),運賃マスター!$B$5),運賃マスター!$B$17+CEILING((_xlpm.d-100)/10,1)*運賃マスター!$B$16),IF(OR(_xlpm.vt="3t",_xlpm.vt="3tユニック",_xlpm.vt="3ｔユニック"),IF(_xlpm.d<=100,IFERROR(INDEX(運賃マスター!$F$5:$F$14,MATCH(1,(運賃マスター!$E$5:$E$14>=_xlpm.d)*1,0)),運賃マスター!$F$5),運賃マスター!$F$17+CEILING((_xlpm.d-100)/10,1)*運賃マスター!$F$16),IF(_xlpm.vt="1t",IF(_xlpm.d<=100,IFERROR(INDEX(運賃マスター!$J$5:$J$14,MATCH(1,(運賃マスター!$I$5:$I$14>=_xlpm.d)*1,0)),運賃マスター!$J$5),運賃マスター!$J$17+CEILING((_xlpm.d-100)/10,1)*運賃マスター!$J$16),IF(_xlpm.vt="軽",IF(_xlpm.d<=50,IFERROR(INDEX(運賃マスター!$N$5:$N$14,MATCH(1,(運賃マスター!$M$5:$M$14>=_xlpm.d)*1,0)),運賃マスター!$N$5),IF(_xlpm.d<=100,運賃マスター!$N$15+(_xlpm.d-50)*運賃マスター!$N$16,運賃マスター!$N$17+(_xlpm.d-100)*運賃マスター!$N$18)),IF(_xlpm.vt="3tPG",IF(_xlpm.d<=100,IFERROR(INDEX(運賃マスター!$R$5:$R$14,MATCH(1,(運賃マスター!$Q$5:$Q$14>=_xlpm.d)*1,0)),運賃マスター!$R$5),運賃マスター!$R$17+CEILING((_xlpm.d-100)/10,1)*運賃マスター!$R$16),"")))))),""))}
A8: =IF(B8="","",COUNTA($B$5:B14)) | I8: =IFERROR(_xlfn.XLOOKUP(H8,案件・ドライバー一覧!$L$3:$L$17,案件・ドライバー一覧!$M$3:$M$17,""),"") | K8: {=IF(OR(H8="",L8=""),"",IFERROR(_xlfn.LET(_xlpm.vt,VLOOKUP(IFERROR(VALUE(LEFT(H8,FIND("＊",H8&"＊")-1)),H8),運賃マスター!$A$22:$B$40,2,FALSE),_xlpm.d,L8,IF(OR(_xlpm.vt="2t",_xlpm.vt="2tユニック",_xlpm.vt="2ｔユニック"),IF(_xlpm.d<=100,IFERROR(INDEX(運賃マスター!$B$5:$B$14,MATCH(1,(運賃マスター!$A$5:$A$14>=_xlpm.d)*1,0)),運賃マスター!$B$5),運賃マスター!$B$17+CEILING((_xlpm.d-100)/10,1)*運賃マスター!$B$16),IF(OR(_xlpm.vt="3t",_xlpm.vt="3tユニック",_xlpm.vt="3ｔユニック"),IF(_xlpm.d<=100,IFERROR(INDEX(運賃マスター!$F$5:$F$14,MATCH(1,(運賃マスター!$E$5:$E$14>=_xlpm.d)*1,0)),運賃マスター!$F$5),運賃マスター!$F$17+CEILING((_xlpm.d-100)/10,1)*運賃マスター!$F$16),IF(_xlpm.vt="1t",IF(_xlpm.d<=100,IFERROR(INDEX(運賃マスター!$J$5:$J$14,MATCH(1,(運賃マスター!$I$5:$I$14>=_xlpm.d)*1,0)),運賃マスター!$J$5),運賃マスター!$J$17+CEILING((_xlpm.d-100)/10,1)*運賃マスター!$J$16),IF(_xlpm.vt="軽",IF(_xlpm.d<=50,IFERROR(INDEX(運賃マスター!$N$5:$N$14,MATCH(1,(運賃マスター!$M$5:$M$14>=_xlpm.d)*1,0)),運賃マスター!$N$5),IF(_xlpm.d<=100,運賃マスター!$N$15+(_xlpm.d-50)*運賃マスター!$N$16,運賃マスター!$N$17+(_xlpm.d-100)*運賃マスター!$N$18)),IF(_xlpm.vt="3tPG",IF(_xlpm.d<=100,IFERROR(INDEX(運賃マスター!$R$5:$R$14,MATCH(1,(運賃マスター!$Q$5:$Q$14>=_xlpm.d)*1,0)),運賃マスター!$R$5),運賃マスター!$R$17+CEILING((_xlpm.d-100)/10,1)*運賃マスター!$R$16),"")))))),""))}
A9: =IF(B9="","",COUNTA($B$5:B14)) | I9: =IFERROR(_xlfn.XLOOKUP(H9,案件・ドライバー一覧!$L$3:$L$17,案件・ドライバー一覧!$M$3:$M$17,""),"") | K9: {=IF(OR(H9="",L9=""),"",IFERROR(_xlfn.LET(_xlpm.vt,VLOOKUP(IFERROR(VALUE(LEFT(H9,FIND("＊",H9&"＊")-1)),H9),運賃マスター!$A$22:$B$40,2,FALSE),_xlpm.d,L9,IF(OR(_xlpm.vt="2t",_xlpm.vt="2tユニック",_xlpm.vt="2ｔユニック"),IF(_xlpm.d<=100,IFERROR(INDEX(運賃マスター!$B$5:$B$14,MATCH(1,(運賃マスター!$A$5:$A$14>=_xlpm.d)*1,0)),運賃マスター!$B$5),運賃マスター!$B$17+CEILING((_xlpm.d-100)/10,1)*運賃マスター!$B$16),IF(OR(_xlpm.vt="3t",_xlpm.vt="3tユニック",_xlpm.vt="3ｔユニック"),IF(_xlpm.d<=100,IFERROR(INDEX(運賃マスター!$F$5:$F$14,MATCH(1,(運賃マスター!$E$5:$E$14>=_xlpm.d)*1,0)),運賃マスター!$F$5),運賃マスター!$F$17+CEILING((_xlpm.d-100)/10,1)*運賃マスター!$F$16),IF(_xlpm.vt="1t",IF(_xlpm.d<=100,IFERROR(INDEX(運賃マスター!$J$5:$J$14,MATCH(1,(運賃マスター!$I$5:$I$14>=_xlpm.d)*1,0)),運賃マスター!$J$5),運賃マスター!$J$17+CEILING((_xlpm.d-100)/10,1)*運賃マスター!$J$16),IF(_xlpm.vt="軽",IF(_xlpm.d<=50,IFERROR(INDEX(運賃マスター!$N$5:$N$14,MATCH(1,(運賃マスター!$M$5:$M$14>=_xlpm.d)*1,0)),運賃マスター!$N$5),IF(_xlpm.d<=100,運賃マスター!$N$15+(_xlpm.d-50)*運賃マスター!$N$16,運賃マスター!$N$17+(_xlpm.d-100)*運賃マスター!$N$18)),IF(_xlpm.vt="3tPG",IF(_xlpm.d<=100,IFERROR(INDEX(運賃マスター!$R$5:$R$14,MATCH(1,(運賃マスター!$Q$5:$Q$14>=_xlpm.d)*1,0)),運賃マスター!$R$5),運賃マスター!$R$17+CEILING((_xlpm.d-100)/10,1)*運賃マスター!$R$16),"")))))),""))}
A10: =IF(B10="","",COUNTA($B$5:B10)) | I10: =IFERROR(_xlfn.XLOOKUP(H10,案件・ドライバー一覧!$L$3:$L$17,案件・ドライバー一覧!$M$3:$M$17,""),"")
A11: =IF(B11="","",COUNTA($B$5:B11)) | I11: =IFERROR(_xlfn.XLOOKUP(H11,案件・ドライバー一覧!$L$3:$L$17,案件・ドライバー一覧!$M$3:$M$17,""),"")
A12: =IF(B12="","",COUNTA($B$5:B14)) | I12: =IFERROR(_xlfn.XLOOKUP(H12,案件・ドライバー一覧!$L$3:$L$17,案件・ドライバー一覧!$M$3:$M$17,""),"") | K12: {=IF(OR(H12="",L12=""),"",IFERROR(_xlfn.LET(_xlpm.vt,VLOOKUP(IFERROR(VALUE(LEFT(H12,FIND("＊",H12&"＊")-1)),H12),運賃マスター!$A$22:$B$40,2,FALSE),_xlpm.d,L12,IF(OR(_xlpm.vt="2t",_xlpm.vt="2tユニック",_xlpm.vt="2ｔユニック"),IF(_xlpm.d<=100,IFERROR(INDEX(運賃マスター!$B$5:$B$14,MATCH(1,(運賃マスター!$A$5:$A$14>=_xlpm.d)*1,0)),運賃マスター!$B$5),運賃マスター!$B$17+CEILING((_xlpm.d-100)/10,1)*運賃マスター!$B$16),IF(OR(_xlpm.vt="3t",_xlpm.vt="3tユニック",_xlpm.vt="3ｔユニック"),IF(_xlpm.d<=100,IFERROR(INDEX(運賃マスター!$F$5:$F$14,MATCH(1,(運賃マスター!$E$5:$E$14>=_xlpm.d)*1,0)),運賃マスター!$F$5),運賃マスター!$F$17+CEILING((_xlpm.d-100)/10,1)*運賃マスター!$F$16),IF(_xlpm.vt="1t",IF(_xlpm.d<=100,IFERROR(INDEX(運賃マスター!$J$5:$J$14,MATCH(1,(運賃マスター!$I$5:$I$14>=_xlpm.d)*1,0)),運賃マスター!$J$5),運賃マスター!$J$17+CEILING((_xlpm.d-100)/10,1)*運賃マスター!$J$16),IF(_xlpm.vt="軽",IF(_xlpm.d<=50,IFERROR(INDEX(運賃マスター!$N$5:$N$14,MATCH(1,(運賃マスター!$M$5:$M$14>=_xlpm.d)*1,0)),運賃マスター!$N$5),IF(_xlpm.d<=100,運賃マスター!$N$15+(_xlpm.d-50)*運賃マスター!$N$16,運賃マスター!$N$17+(_xlpm.d-100)*運賃マスター!$N$18)),IF(_xlpm.vt="3tPG",IF(_xlpm.d<=100,IFERROR(INDEX(運賃マスター!$R$5:$R$14,MATCH(1,(運賃マスター!$Q$5:$Q$14>=_xlpm.d)*1,0)),運賃マスター!$R$5),運賃マスター!$R$17+CEILING((_xlpm.d-100)/10,1)*運賃マスター!$R$16),"")))))),""))}
A13: =IF(B13="","",COUNTA($B$5:B13)) | I13: =IFERROR(_xlfn.XLOOKUP(H13,案件・ドライバー一覧!$L$3:$L$17,案件・ドライバー一覧!$M$3:$M$17,""),"")
A14: =IF(B14="","",COUNTA($B$5:B14)) | I14: =IFERROR(_xlfn.XLOOKUP(H14,案件・ドライバー一覧!$L$3:$L$17,案件・ドライバー一覧!$M$3:$M$17,""),"") | K14: {=IF(OR(H14="",L14=""),"",IFERROR(_xlfn.LET(_xlpm.vt,VLOOKUP(IFERROR(VALUE(LEFT(H14,FIND("＊",H14&"＊")-1)),H14),運賃マスター!$A$22:$B$40,2,FALSE),_xlpm.d,L14,IF(OR(_xlpm.vt="2t",_xlpm.vt="2tユニック",_xlpm.vt="2ｔユニック"),IF(_xlpm.d<=100,IFERROR(INDEX(運賃マスター!$B$5:$B$14,MATCH(1,(運賃マスター!$A$5:$A$14>=_xlpm.d)*1,0)),運賃マスター!$B$5),運賃マスター!$B$17+CEILING((_xlpm.d-100)/10,1)*運賃マスター!$B$16),IF(OR(_xlpm.vt="3t",_xlpm.vt="3tユニック",_xlpm.vt="3ｔユニック"),IF(_xlpm.d<=100,IFERROR(INDEX(運賃マスター!$F$5:$F$14,MATCH(1,(運賃マスター!$E$5:$E$14>=_xlpm.d)*1,0)),運賃マスター!$F$5),運賃マスター!$F$17+CEILING((_xlpm.d-100)/10,1)*運賃マスター!$F$16),IF(_xlpm.vt="1t",IF(_xlpm.d<=100,IFERROR(INDEX(運賃マスター!$J$5:$J$14,MATCH(1,(運賃マスター!$I$5:$I$14>=_xlpm.d)*1,0)),運賃マスター!$J$5),運賃マスター!$J$17+CEILING((_xlpm.d-100)/10,1)*運賃マスター!$J$16),IF(_xlpm.vt="軽",IF(_xlpm.d<=50,IFERROR(INDEX(運賃マスター!$N$5:$N$14,MATCH(1,(運賃マスター!$M$5:$M$14>=_xlpm.d)*1,0)),運賃マスター!$N$5),IF(_xlpm.d<=100,運賃マスター!$N$15+(_xlpm.d-50)*運賃マスター!$N$16,運賃マスター!$N$17+(_xlpm.d-100)*運賃マスター!$N$18)),IF(_xlpm.vt="3tPG",IF(_xlpm.d<=100,IFERROR(INDEX(運賃マスター!$R$5:$R$14,MATCH(1,(運賃マスター!$Q$5:$Q$14>=_xlpm.d)*1,0)),運賃マスター!$R$5),運賃マスター!$R$17+CEILING((_xlpm.d-100)/10,1)*運賃マスター!$R$16),"")))))),""))}
A15: =IF(B15="","",COUNTA($B$5:B15)) | I15: =IFERROR(_xlfn.XLOOKUP(H15,案件・ドライバー一覧!$L$3:$L$17,案件・ドライバー一覧!$M$3:$M$17,""),"") | K15: {=IF(OR(H15="",L15=""),"",IFERROR(_xlfn.LET(_xlpm.vt,VLOOKUP(IFERROR(VALUE(LEFT(H15,FIND("＊",H15&"＊")-1)),H15),運賃マスター!$A$22:$B$40,2,FALSE),_xlpm.d,L15,IF(OR(_xlpm.vt="2t",_xlpm.vt="2tユニック",_xlpm.vt="2ｔユニック"),IF(_xlpm.d<=100,IFERROR(INDEX(運賃マスター!$B$5:$B$14,MATCH(1,(運賃マスター!$A$5:$A$14>=_xlpm.d)*1,0)),運賃マスター!$B$5),運賃マスター!$B$17+CEILING((_xlpm.d-100)/10,1)*運賃マスター!$B$16),IF(OR(_xlpm.vt="3t",_xlpm.vt="3tユニック",_xlpm.vt="3ｔユニック"),IF(_xlpm.d<=100,IFERROR(INDEX(運賃マスター!$F$5:$F$14,MATCH(1,(運賃マスター!$E$5:$E$14>=_xlpm.d)*1,0)),運賃マスター!$F$5),運賃マスター!$F$17+CEILING((_xlpm.d-100)/10,1)*運賃マスター!$F$16),IF(_xlpm.vt="1t",IF(_xlpm.d<=100,IFERROR(INDEX(運賃マスター!$J$5:$J$14,MATCH(1,(運賃マスター!$I$5:$I$14>=_xlpm.d)*1,0)),運賃マスター!$J$5),運賃マスター!$J$17+CEILING((_xlpm.d-100)/10,1)*運賃マスター!$J$16),IF(_xlpm.vt="軽",IF(_xlpm.d<=50,IFERROR(INDEX(運賃マスター!$N$5:$N$14,MATCH(1,(運賃マスター!$M$5:$M$14>=_xlpm.d)*1,0)),運賃マスター!$N$5),IF(_xlpm.d<=100,運賃マスター!$N$15+(_xlpm.d-50)*運賃マスター!$N$16,運賃マスター!$N$17+(_xlpm.d-100)*運賃マスター!$N$18)),IF(_xlpm.vt="3tPG",IF(_xlpm.d<=100,IFERROR(INDEX(運賃マスター!$R$5:$R$14,MATCH(1,(運賃マスター!$Q$5:$Q$14>=_xlpm.d)*1,0)),運賃マスター!$R$5),運賃マスター!$R$17+CEILING((_xlpm.d-100)/10,1)*運賃マスター!$R$16),"")))))),""))}
A16: =IF(B16="","",COUNTA($B$5:B16)) | K16: {=IF(OR(H16="",L16=""),"",IFERROR(_xlfn.LET(_xlpm.vt,VLOOKUP(IFERROR(VALUE(LEFT(H16,FIND("＊",H16&"＊")-1)),H16),運賃マスター!$A$22:$B$40,2,FALSE),_xlpm.d,L16,IF(OR(_xlpm.vt="2t",_xlpm.vt="2tユニック",_xlpm.vt="2ｔユニック"),IF(_xlpm.d<=100,IFERROR(INDEX(運賃マスター!$B$5:$B$14,MATCH(1,(運賃マスター!$A$5:$A$14>=_xlpm.d)*1,0)),運賃マスター!$B$5),運賃マスター!$B$17+CEILING((_xlpm.d-100)/10,1)*運賃マスター!$B$16),IF(OR(_xlpm.vt="3t",_xlpm.vt="3tユニック",_xlpm.vt="3ｔユニック"),IF(_xlpm.d<=100,IFERROR(INDEX(運賃マスター!$F$5:$F$14,MATCH(1,(運賃マスター!$E$5:$E$14>=_xlpm.d)*1,0)),運賃マスター!$F$5),運賃マスター!$F$17+CEILING((_xlpm.d-100)/10,1)*運賃マスター!$F$16),IF(_xlpm.vt="1t",IF(_xlpm.d<=100,IFERROR(INDEX(運賃マスター!$J$5:$J$14,MATCH(1,(運賃マスター!$I$5:$I$14>=_xlpm.d)*1,0)),運賃マスター!$J$5),運賃マスター!$J$17+CEILING((_xlpm.d-100)/10,1)*運賃マスター!$J$16),IF(_xlpm.vt="軽",IF(_xlpm.d<=50,IFERROR(INDEX(運賃マスター!$N$5:$N$14,MATCH(1,(運賃マスター!$M$5:$M$14>=_xlpm.d)*1,0)),運賃マスター!$N$5),IF(_xlpm.d<=100,運賃マスター!$N$15+(_xlpm.d-50)*運賃マスター!$N$16,運賃マスター!$N$17+(_xlpm.d-100)*運賃マスター!$N$18)),IF(_xlpm.vt="3tPG",IF(_xlpm.d<=100,IFERROR(INDEX(運賃マスター!$R$5:$R$14,MATCH(1,(運賃マスター!$Q$5:$Q$14>=_xlpm.d)*1,0)),運賃マスター!$R$5),運賃マスター!$R$17+CEILING((_xlpm.d-100)/10,1)*運賃マスター!$R$16),"")))))),""))}
A17: =IF(B17="","",COUNTA($B$5:B17)) | K17: {=IF(OR(H17="",L17=""),"",IFERROR(_xlfn.LET(_xlpm.vt,VLOOKUP(IFERROR(VALUE(LEFT(H17,FIND("＊",H17&"＊")-1)),H17),運賃マスター!$A$22:$B$40,2,FALSE),_xlpm.d,L17,IF(OR(_xlpm.vt="2t",_xlpm.vt="2tユニック",_xlpm.vt="2ｔユニック"),IF(_xlpm.d<=100,IFERROR(INDEX(運賃マスター!$B$5:$B$14,MATCH(1,(運賃マスター!$A$5:$A$14>=_xlpm.d)*1,0)),運賃マスター!$B$5),運賃マスター!$B$17+CEILING((_xlpm.d-100)/10,1)*運賃マスター!$B$16),IF(OR(_xlpm.vt="3t",_xlpm.vt="3tユニック",_xlpm.vt="3ｔユニック"),IF(_xlpm.d<=100,IFERROR(INDEX(運賃マスター!$F$5:$F$14,MATCH(1,(運賃マスター!$E$5:$E$14>=_xlpm.d)*1,0)),運賃マスター!$F$5),運賃マスター!$F$17+CEILING((_xlpm.d-100)/10,1)*運賃マスター!$F$16),IF(_xlpm.vt="1t",IF(_xlpm.d<=100,IFERROR(INDEX(運賃マスター!$J$5:$J$14,MATCH(1,(運賃マスター!$I$5:$I$14>=_xlpm.d)*1,0)),運賃マスター!$J$5),運賃マスター!$J$17+CEILING((_xlpm.d-100)/10,1)*運賃マスター!$J$16),IF(_xlpm.vt="軽",IF(_xlpm.d<=50,IFERROR(INDEX(運賃マスター!$N$5:$N$14,MATCH(1,(運賃マスター!$M$5:$M$14>=_xlpm.d)*1,0)),運賃マスター!$N$5),IF(_xlpm.d<=100,運賃マスター!$N$15+(_xlpm.d-50)*運賃マスター!$N$16,運賃マスター!$N$17+(_xlpm.d-100)*運賃マスター!$N$18)),IF(_xlpm.vt="3tPG",IF(_xlpm.d<=100,IFERROR(INDEX(運賃マスター!$R$5:$R$14,MATCH(1,(運賃マスター!$Q$5:$Q$14>=_xlpm.d)*1,0)),運賃マスター!$R$5),運賃マスター!$R$17+CEILING((_xlpm.d-100)/10,1)*運賃マスター!$R$16),"")))))),""))}
A18: =IF(B18="","",COUNTA($B$5:B18)) | K18: {=IF(OR(H18="",L18=""),"",IFERROR(_xlfn.LET(_xlpm.vt,VLOOKUP(IFERROR(VALUE(LEFT(H18,FIND("＊",H18&"＊")-1)),H18),運賃マスター!$A$22:$B$40,2,FALSE),_xlpm.d,L18,IF(OR(_xlpm.vt="2t",_xlpm.vt="2tユニック",_xlpm.vt="2ｔユニック"),IF(_xlpm.d<=100,IFERROR(INDEX(運賃マスター!$B$5:$B$14,MATCH(1,(運賃マスター!$A$5:$A$14>=_xlpm.d)*1,0)),運賃マスター!$B$5),運賃マスター!$B$17+CEILING((_xlpm.d-100)/10,1)*運賃マスター!$B$16),IF(OR(_xlpm.vt="3t",_xlpm.vt="3tユニック",_xlpm.vt="3ｔユニック"),IF(_xlpm.d<=100,IFERROR(INDEX(運賃マスター!$F$5:$F$14,MATCH(1,(運賃マスター!$E$5:$E$14>=_xlpm.d)*1,0)),運賃マスター!$F$5),運賃マスター!$F$17+CEILING((_xlpm.d-100)/10,1)*運賃マスター!$F$16),IF(_xlpm.vt="1t",IF(_xlpm.d<=100,IFERROR(INDEX(運賃マスター!$J$5:$J$14,MATCH(1,(運賃マスター!$I$5:$I$14>=_xlpm.d)*1,0)),運賃マスター!$J$5),運賃マスター!$J$17+CEILING((_xlpm.d-100)/10,1)*運賃マスター!$J$16),IF(_xlpm.vt="軽",IF(_xlpm.d<=50,IFERROR(INDEX(運賃マスター!$N$5:$N$14,MATCH(1,(運賃マスター!$M$5:$M$14>=_xlpm.d)*1,0)),運賃マスター!$N$5),IF(_xlpm.d<=100,運賃マスター!$N$15+(_xlpm.d-50)*運賃マスター!$N$16,運賃マスター!$N$17+(_xlpm.d-100)*運賃マスター!$N$18)),IF(_xlpm.vt="3tPG",IF(_xlpm.d<=100,IFERROR(INDEX(運賃マスター!$R$5:$R$14,MATCH(1,(運賃マスター!$Q$5:$Q$14>=_xlpm.d)*1,0)),運賃マスター!$R$5),運賃マスター!$R$17+CEILING((_xlpm.d-100)/10,1)*運賃マスター!$R$16),"")))))),""))}
K19: {=IF(OR(H19="",L19=""),"",IFERROR(_xlfn.LET(_xlpm.vt,VLOOKUP(IFERROR(VALUE(LEFT(H19,FIND("＊",H19&"＊")-1)),H19),運賃マスター!$A$22:$B$40,2,FALSE),_xlpm.d,L19,IF(OR(_xlpm.vt="2t",_xlpm.vt="2tユニック",_xlpm.vt="2ｔユニック"),IF(_xlpm.d<=100,IFERROR(INDEX(運賃マスター!$B$5:$B$14,MATCH(1,(運賃マスター!$A$5:$A$14>=_xlpm.d)*1,0)),運賃マスター!$B$5),運賃マスター!$B$17+CEILING((_xlpm.d-100)/10,1)*運賃マスター!$B$16),IF(OR(_xlpm.vt="3t",_xlpm.vt="3tユニック",_xlpm.vt="3ｔユニック"),IF(_xlpm.d<=100,IFERROR(INDEX(運賃マスター!$F$5:$F$14,MATCH(1,(運賃マスター!$E$5:$E$14>=_xlpm.d)*1,0)),運賃マスター!$F$5),運賃マスター!$F$17+CEILING((_xlpm.d-100)/10,1)*運賃マスター!$F$16),IF(_xlpm.vt="1t",IF(_xlpm.d<=100,IFERROR(INDEX(運賃マスター!$J$5:$J$14,MATCH(1,(運賃マスター!$I$5:$I$14>=_xlpm.d)*1,0)),運賃マスター!$J$5),運賃マスター!$J$17+CEILING((_xlpm.d-100)/10,1)*運賃マスター!$J$16),IF(_xlpm.vt="軽",IF(_xlpm.d<=50,IFERROR(INDEX(運賃マスター!$N$5:$N$14,MATCH(1,(運賃マスター!$M$5:$M$14>=_xlpm.d)*1,0)),運賃マスター!$N$5),IF(_xlpm.d<=100,運賃マスター!$N$15+(_xlpm.d-50)*運賃マスター!$N$16,運賃マスター!$N$17+(_xlpm.d-100)*運賃マスター!$N$18)),IF(_xlpm.vt="3tPG",IF(_xlpm.d<=100,IFERROR(INDEX(運賃マスター!$R$5:$R$14,MATCH(1,(運賃マスター!$Q$5:$Q$14>=_xlpm.d)*1,0)),運賃マスター!$R$5),運賃マスター!$R$17+CEILING((_xlpm.d-100)/10,1)*運賃マスター!$R$16),"")))))),""))}
K20: {=IF(OR(H20="",L20=""),"",IFERROR(_xlfn.LET(_xlpm.vt,VLOOKUP(IFERROR(VALUE(LEFT(H20,FIND("＊",H20&"＊")-1)),H20),運賃マスター!$A$22:$B$40,2,FALSE),_xlpm.d,L20,IF(OR(_xlpm.vt="2t",_xlpm.vt="2tユニック",_xlpm.vt="2ｔユニック"),IF(_xlpm.d<=100,IFERROR(INDEX(運賃マスター!$B$5:$B$14,MATCH(1,(運賃マスター!$A$5:$A$14>=_xlpm.d)*1,0)),運賃マスター!$B$5),運賃マスター!$B$17+CEILING((_xlpm.d-100)/10,1)*運賃マスター!$B$16),IF(OR(_xlpm.vt="3t",_xlpm.vt="3tユニック",_xlpm.vt="3ｔユニック"),IF(_xlpm.d<=100,IFERROR(INDEX(運賃マスター!$F$5:$F$14,MATCH(1,(運賃マスター!$E$5:$E$14>=_xlpm.d)*1,0)),運賃マスター!$F$5),運賃マスター!$F$17+CEILING((_xlpm.d-100)/10,1)*運賃マスター!$F$16),IF(_xlpm.vt="1t",IF(_xlpm.d<=100,IFERROR(INDEX(運賃マスター!$J$5:$J$14,MATCH(1,(運賃マスター!$I$5:$I$14>=_xlpm.d)*1,0)),運賃マスター!$J$5),運賃マスター!$J$17+CEILING((_xlpm.d-100)/10,1)*運賃マスター!$J$16),IF(_xlpm.vt="軽",IF(_xlpm.d<=50,IFERROR(INDEX(運賃マスター!$N$5:$N$14,MATCH(1,(運賃マスター!$M$5:$M$14>=_xlpm.d)*1,0)),運賃マスター!$N$5),IF(_xlpm.d<=100,運賃マスター!$N$15+(_xlpm.d-50)*運賃マスター!$N$16,運賃マスター!$N$17+(_xlpm.d-100)*運賃マスター!$N$18)),IF(_xlpm.vt="3tPG",IF(_xlpm.d<=100,IFERROR(INDEX(運賃マスター!$R$5:$R$14,MATCH(1,(運賃マスター!$Q$5:$Q$14>=_xlpm.d)*1,0)),運賃マスター!$R$5),運賃マスター!$R$17+CEILING((_xlpm.d-100)/10,1)*運賃マスター!$R$16),"")))))),""))}
D21: 現在待機場所 | E21: 待機予定場所 | H21: 目標距離 | K21: {=IF(OR(H21="",L21=""),"",IFERROR(_xlfn.LET(_xlpm.vt,VLOOKUP(IFERROR(VALUE(LEFT(H21,FIND("＊",H21&"＊")-1)),H21),運賃マスター!$A$22:$B$40,2,FALSE),_xlpm.d,L21,IF(OR(_xlpm.vt="2t",_xlpm.vt="2tユニック",_xlpm.vt="2ｔユニック"),IF(_xlpm.d<=100,IFERROR(INDEX(運賃マスター!$B$5:$B$14,MATCH(1,(運賃マスター!$A$5:$A$14>=_xlpm.d)*1,0)),運賃マスター!$B$5),運賃マスター!$B$17+CEILING((_xlpm.d-100)/10,1)*運賃マスター!$B$16),IF(OR(_xlpm.vt="3t",_xlpm.vt="3tユニック",_xlpm.vt="3ｔユニック"),IF(_xlpm.d<=100,IFERROR(INDEX(運賃マスター!$F$5:$F$14,MATCH(1,(運賃マスター!$E$5:$E$14>=_xlpm.d)*1,0)),運賃マスター!$F$5),運賃マスター!$F$17+CEILING((_xlpm.d-100)/10,1)*運賃マスター!$F$16),IF(_xlpm.vt="1t",IF(_xlpm.d<=100,IFERROR(INDEX(運賃マスター!$J$5:$J$14,MATCH(1,(運賃マスター!$I$5:$I$14>=_xlpm.d)*1,0)),運賃マスター!$J$5),運賃マスター!$J$17+CEILING((_xlpm.d-100)/10,1)*運賃マスター!$J$16),IF(_xlpm.vt="軽",IF(_xlpm.d<=50,IFERROR(INDEX(運賃マスター!$N$5:$N$14,MATCH(1,(運賃マスター!$M$5:$M$14>=_xlpm.d)*1,0)),運賃マスター!$N$5),IF(_xlpm.d<=100,運賃マスター!$N$15+(_xlpm.d-50)*運賃マスター!$N$16,運賃マスター!$N$17+(_xlpm.d-100)*運賃マスター!$N$18)),IF(_xlpm.vt="3tPG",IF(_xlpm.d<=100,IFERROR(INDEX(運賃マスター!$R$5:$R$14,MATCH(1,(運賃マスター!$Q$5:$Q$14>=_xlpm.d)*1,0)),運賃マスター!$R$5),運賃マスター!$R$17+CEILING((_xlpm.d-100)/10,1)*運賃マスター!$R$16),"")))))),""))}
B22: 2(255) | C22: 山岸
B23: 8(254) | C23: 砂川 | H23: 残距離 | K23: =550-SUM(L3:L18)-SUM(#REF!)
B24: 9(256) | C24: 前川
B25: 10(257)
B26: 11(258) | C26: 郡司 | H26: 依頼件数 | K26: =SUM(#REF!)+SUM(SUM(#REF!))
B27: 12(736)
B28: 13(737)
B29: 14(738) | C29: 辻井
B31: 7290 | C31: 佐藤
B32: 7291 | C32: 末次
B34: 333 | C34: 金井/奥田
B35: 666 | C35: 徳留
B36: 777
B37: 330
B38: 990 | C38: 山原
C40: 出発→到着 | D40: 備考
B41: ① | C41: 東→西 | D41: ①Aチーム優先
B42: ② | C42: 東→東 | D42: ②急ぎ案件の場合、道路状況も伝えてあげる。
B43: ③ | C43: 西→東 | D43: ③各ドライバーの位置からの帰社のタイミング・夕方の配置
B44: ④ | C44: 西→西 | D44: ④依頼を受ける際の、希望時間と現状の位置。行けるか行けないかの判断をしっかりと。
D45: ⑤軽に乗るか乗らないかの判断に気を付ける。
C46: 現状配置(予測) | D46: ⑥18/1日、1.8/1人、3件/1人
B47: 西(神戸西・弥栄台) | D47: ⑦依頼書の見落とし(日付、入替、入出庫、場所）
B48: 真ん中(摩耶・中央) | D48: ⑧3ｔ車と2ｔ車への振り方(西と東に振り分ける)
B49: 東(尼崎・伊丹・西宮) | D49: ⑨
B50: 極東(港区・淀屋橋)
C52: 合計額/380 | D52: =SUM(G52) | F52: 売り上げ額 | G52: =SUM(SUM(K4:K18))+SUM(#REF!)
C54: 前日までの売上合計額 | D54: =SUM(B63)
F55: 金井（55)
D56: =D52+D54 | F56: 粟津(55)
F57: 砂川(50)
C58: 高代 | F58: 前川(50)
C59: 返還代 | F59: 佐藤(50)
C60: 回収率 | D60: =D59/D58 | F60: 末次(55)
C61: 費 | D61: =D58-D59 | F61: 筒井(75)
F62: 山岸(40)
F63: 多苗(30)

Sheet 6  3
B2: 46176 | D2: NO.2
B3: 荷主 | C3: 種類 | D3: 積込地 | E3: 積降地 | F3: ユーザー名(搬入/搬出) | G3: 時間 | H3: 号車 | J3: 距離 | K3: 特記事項 | L3: 距離 | M3: 終了地 | N3: 予定時間 | O3: 必要時間 | P3: 件数 | Q3: メモ
A5: =IF(B5="","",COUNTA($B$6:B9)) | K5: {=IF(OR(H5="",L5=""),"",IFERROR(_xlfn.LET(_xlpm.vt,VLOOKUP(IFERROR(VALUE(LEFT(H5,FIND("＊",H5&"＊")-1)),H5),運賃マスター!$A$22:$B$40,2,FALSE),_xlpm.d,L5,IF(OR(_xlpm.vt="2t",_xlpm.vt="2tユニック",_xlpm.vt="2ｔユニック"),IF(_xlpm.d<=100,IFERROR(INDEX(運賃マスター!$B$5:$B$14,MATCH(1,(運賃マスター!$A$5:$A$14>=_xlpm.d)*1,0)),運賃マスター!$B$5),運賃マスター!$B$17+CEILING((_xlpm.d-100)/10,1)*運賃マスター!$B$16),IF(OR(_xlpm.vt="3t",_xlpm.vt="3tユニック",_xlpm.vt="3ｔユニック"),IF(_xlpm.d<=100,IFERROR(INDEX(運賃マスター!$F$5:$F$14,MATCH(1,(運賃マスター!$E$5:$E$14>=_xlpm.d)*1,0)),運賃マスター!$F$5),運賃マスター!$F$17+CEILING((_xlpm.d-100)/10,1)*運賃マスター!$F$16),IF(_xlpm.vt="1t",IF(_xlpm.d<=100,IFERROR(INDEX(運賃マスター!$J$5:$J$14,MATCH(1,(運賃マスター!$I$5:$I$14>=_xlpm.d)*1,0)),運賃マスター!$J$5),運賃マスター!$J$17+CEILING((_xlpm.d-100)/10,1)*運賃マスター!$J$16),IF(_xlpm.vt="軽",IF(_xlpm.d<=50,IFERROR(INDEX(運賃マスター!$N$5:$N$14,MATCH(1,(運賃マスター!$M$5:$M$14>=_xlpm.d)*1,0)),運賃マスター!$N$5),IF(_xlpm.d<=100,運賃マスター!$N$15+(_xlpm.d-50)*運賃マスター!$N$16,運賃マスター!$N$17+(_xlpm.d-100)*運賃マスター!$N$18)),IF(_xlpm.vt="3tPG",IF(_xlpm.d<=100,IFERROR(INDEX(運賃マスター!$R$5:$R$14,MATCH(1,(運賃マスター!$Q$5:$Q$14>=_xlpm.d)*1,0)),運賃マスター!$R$5),運賃マスター!$R$17+CEILING((_xlpm.d-100)/10,1)*運賃マスター!$R$16),"")))))),""))}
A6: =IF(B6="","",COUNTA($B$6:B6)) | I6: =IFERROR(_xlfn.XLOOKUP(H6,案件・ドライバー一覧!$L$3:$L$17,案件・ドライバー一覧!$M$3:$M$17,""),"")
A7: =IF(B7="","",COUNTA($B$6:B9)) | I7: =IFERROR(_xlfn.XLOOKUP(H7,案件・ドライバー一覧!$L$3:$L$17,案件・ドライバー一覧!$M$3:$M$17,""),"")
I8: =IFERROR(_xlfn.XLOOKUP(H8,案件・ドライバー一覧!$L$3:$L$17,案件・ドライバー一覧!$M$3:$M$17,""),"")
A9: =IF(B9="","",COUNTA($B$6:B9)) | K9: {=IF(OR(H9="",L9=""),"",IFERROR(_xlfn.LET(_xlpm.vt,VLOOKUP(IFERROR(VALUE(LEFT(H9,FIND("＊",H9&"＊")-1)),H9),運賃マスター!$A$22:$B$40,2,FALSE),_xlpm.d,L9,IF(OR(_xlpm.vt="2t",_xlpm.vt="2tユニック",_xlpm.vt="2ｔユニック"),IF(_xlpm.d<=100,IFERROR(INDEX(運賃マスター!$B$5:$B$14,MATCH(1,(運賃マスター!$A$5:$A$14>=_xlpm.d)*1,0)),運賃マスター!$B$5),運賃マスター!$B$17+CEILING((_xlpm.d-100)/10,1)*運賃マスター!$B$16),IF(OR(_xlpm.vt="3t",_xlpm.vt="3tユニック",_xlpm.vt="3ｔユニック"),IF(_xlpm.d<=100,IFERROR(INDEX(運賃マスター!$F$5:$F$14,MATCH(1,(運賃マスター!$E$5:$E$14>=_xlpm.d)*1,0)),運賃マスター!$F$5),運賃マスター!$F$17+CEILING((_xlpm.d-100)/10,1)*運賃マスター!$F$16),IF(_xlpm.vt="1t",IF(_xlpm.d<=100,IFERROR(INDEX(運賃マスター!$J$5:$J$14,MATCH(1,(運賃マスター!$I$5:$I$14>=_xlpm.d)*1,0)),運賃マスター!$J$5),運賃マスター!$J$17+CEILING((_xlpm.d-100)/10,1)*運賃マスター!$J$16),IF(_xlpm.vt="軽",IF(_xlpm.d<=50,IFERROR(INDEX(運賃マスター!$N$5:$N$14,MATCH(1,(運賃マスター!$M$5:$M$14>=_xlpm.d)*1,0)),運賃マスター!$N$5),IF(_xlpm.d<=100,運賃マスター!$N$15+(_xlpm.d-50)*運賃マスター!$N$16,運賃マスター!$N$17+(_xlpm.d-100)*運賃マスター!$N$18)),IF(_xlpm.vt="3tPG",IF(_xlpm.d<=100,IFERROR(INDEX(運賃マスター!$R$5:$R$14,MATCH(1,(運賃マスター!$Q$5:$Q$14>=_xlpm.d)*1,0)),運賃マスター!$R$5),運賃マスター!$R$17+CEILING((_xlpm.d-100)/10,1)*運賃マスター!$R$16),"")))))),""))}
A10: =IF(B10="","",COUNTA($B$6:B10)) | K10: {=IF(OR(H10="",L10=""),"",IFERROR(_xlfn.LET(_xlpm.vt,VLOOKUP(IFERROR(VALUE(LEFT(H10,FIND("＊",H10&"＊")-1)),H10),運賃マスター!$A$22:$B$40,2,FALSE),_xlpm.d,L10,IF(OR(_xlpm.vt="2t",_xlpm.vt="2tユニック",_xlpm.vt="2ｔユニック"),IF(_xlpm.d<=100,IFERROR(INDEX(運賃マスター!$B$5:$B$14,MATCH(1,(運賃マスター!$A$5:$A$14>=_xlpm.d)*1,0)),運賃マスター!$B$5),運賃マスター!$B$17+CEILING((_xlpm.d-100)/10,1)*運賃マスター!$B$16),IF(OR(_xlpm.vt="3t",_xlpm.vt="3tユニック",_xlpm.vt="3ｔユニック"),IF(_xlpm.d<=100,IFERROR(INDEX(運賃マスター!$F$5:$F$14,MATCH(1,(運賃マスター!$E$5:$E$14>=_xlpm.d)*1,0)),運賃マスター!$F$5),運賃マスター!$F$17+CEILING((_xlpm.d-100)/10,1)*運賃マスター!$F$16),IF(_xlpm.vt="1t",IF(_xlpm.d<=100,IFERROR(INDEX(運賃マスター!$J$5:$J$14,MATCH(1,(運賃マスター!$I$5:$I$14>=_xlpm.d)*1,0)),運賃マスター!$J$5),運賃マスター!$J$17+CEILING((_xlpm.d-100)/10,1)*運賃マスター!$J$16),IF(_xlpm.vt="軽",IF(_xlpm.d<=50,IFERROR(INDEX(運賃マスター!$N$5:$N$14,MATCH(1,(運賃マスター!$M$5:$M$14>=_xlpm.d)*1,0)),運賃マスター!$N$5),IF(_xlpm.d<=100,運賃マスター!$N$15+(_xlpm.d-50)*運賃マスター!$N$16,運賃マスター!$N$17+(_xlpm.d-100)*運賃マスター!$N$18)),IF(_xlpm.vt="3tPG",IF(_xlpm.d<=100,IFERROR(INDEX(運賃マスター!$R$5:$R$14,MATCH(1,(運賃マスター!$Q$5:$Q$14>=_xlpm.d)*1,0)),運賃マスター!$R$5),運賃マスター!$R$17+CEILING((_xlpm.d-100)/10,1)*運賃マスター!$R$16),"")))))),""))}
A11: =IF(B11="","",COUNTA($B$6:B11)) | K11: {=IF(OR(H11="",L11=""),"",IFERROR(_xlfn.LET(_xlpm.vt,VLOOKUP(IFERROR(VALUE(LEFT(H11,FIND("＊",H11&"＊")-1)),H11),運賃マスター!$A$22:$B$40,2,FALSE),_xlpm.d,L11,IF(OR(_xlpm.vt="2t",_xlpm.vt="2tユニック",_xlpm.vt="2ｔユニック"),IF(_xlpm.d<=100,IFERROR(INDEX(運賃マスター!$B$5:$B$14,MATCH(1,(運賃マスター!$A$5:$A$14>=_xlpm.d)*1,0)),運賃マスター!$B$5),運賃マスター!$B$17+CEILING((_xlpm.d-100)/10,1)*運賃マスター!$B$16),IF(OR(_xlpm.vt="3t",_xlpm.vt="3tユニック",_xlpm.vt="3ｔユニック"),IF(_xlpm.d<=100,IFERROR(INDEX(運賃マスター!$F$5:$F$14,MATCH(1,(運賃マスター!$E$5:$E$14>=_xlpm.d)*1,0)),運賃マスター!$F$5),運賃マスター!$F$17+CEILING((_xlpm.d-100)/10,1)*運賃マスター!$F$16),IF(_xlpm.vt="1t",IF(_xlpm.d<=100,IFERROR(INDEX(運賃マスター!$J$5:$J$14,MATCH(1,(運賃マスター!$I$5:$I$14>=_xlpm.d)*1,0)),運賃マスター!$J$5),運賃マスター!$J$17+CEILING((_xlpm.d-100)/10,1)*運賃マスター!$J$16),IF(_xlpm.vt="軽",IF(_xlpm.d<=50,IFERROR(INDEX(運賃マスター!$N$5:$N$14,MATCH(1,(運賃マスター!$M$5:$M$14>=_xlpm.d)*1,0)),運賃マスター!$N$5),IF(_xlpm.d<=100,運賃マスター!$N$15+(_xlpm.d-50)*運賃マスター!$N$16,運賃マスター!$N$17+(_xlpm.d-100)*運賃マスター!$N$18)),IF(_xlpm.vt="3tPG",IF(_xlpm.d<=100,IFERROR(INDEX(運賃マスター!$R$5:$R$14,MATCH(1,(運賃マスター!$Q$5:$Q$14>=_xlpm.d)*1,0)),運賃マスター!$R$5),運賃マスター!$R$17+CEILING((_xlpm.d-100)/10,1)*運賃マスター!$R$16),"")))))),""))}
A12: =IF(B12="","",COUNTA($B$6:B12)) | K12: {=IF(OR(H12="",L12=""),"",IFERROR(_xlfn.LET(_xlpm.vt,VLOOKUP(IFERROR(VALUE(LEFT(H12,FIND("＊",H12&"＊")-1)),H12),運賃マスター!$A$22:$B$40,2,FALSE),_xlpm.d,L12,IF(OR(_xlpm.vt="2t",_xlpm.vt="2tユニック",_xlpm.vt="2ｔユニック"),IF(_xlpm.d<=100,IFERROR(INDEX(運賃マスター!$B$5:$B$14,MATCH(1,(運賃マスター!$A$5:$A$14>=_xlpm.d)*1,0)),運賃マスター!$B$5),運賃マスター!$B$17+CEILING((_xlpm.d-100)/10,1)*運賃マスター!$B$16),IF(OR(_xlpm.vt="3t",_xlpm.vt="3tユニック",_xlpm.vt="3ｔユニック"),IF(_xlpm.d<=100,IFERROR(INDEX(運賃マスター!$F$5:$F$14,MATCH(1,(運賃マスター!$E$5:$E$14>=_xlpm.d)*1,0)),運賃マスター!$F$5),運賃マスター!$F$17+CEILING((_xlpm.d-100)/10,1)*運賃マスター!$F$16),IF(_xlpm.vt="1t",IF(_xlpm.d<=100,IFERROR(INDEX(運賃マスター!$J$5:$J$14,MATCH(1,(運賃マスター!$I$5:$I$14>=_xlpm.d)*1,0)),運賃マスター!$J$5),運賃マスター!$J$17+CEILING((_xlpm.d-100)/10,1)*運賃マスター!$J$16),IF(_xlpm.vt="軽",IF(_xlpm.d<=50,IFERROR(INDEX(運賃マスター!$N$5:$N$14,MATCH(1,(運賃マスター!$M$5:$M$14>=_xlpm.d)*1,0)),運賃マスター!$N$5),IF(_xlpm.d<=100,運賃マスター!$N$15+(_xlpm.d-50)*運賃マスター!$N$16,運賃マスター!$N$17+(_xlpm.d-100)*運賃マスター!$N$18)),IF(_xlpm.vt="3tPG",IF(_xlpm.d<=100,IFERROR(INDEX(運賃マスター!$R$5:$R$14,MATCH(1,(運賃マスター!$Q$5:$Q$14>=_xlpm.d)*1,0)),運賃マスター!$R$5),運賃マスター!$R$17+CEILING((_xlpm.d-100)/10,1)*運賃マスター!$R$16),"")))))),""))}
A13: =IF(B13="","",COUNTA($B$6:B13)) | K13: {=IF(OR(H13="",L13=""),"",IFERROR(_xlfn.LET(_xlpm.vt,VLOOKUP(IFERROR(VALUE(LEFT(H13,FIND("＊",H13&"＊")-1)),H13),運賃マスター!$A$22:$B$40,2,FALSE),_xlpm.d,L13,IF(OR(_xlpm.vt="2t",_xlpm.vt="2tユニック",_xlpm.vt="2ｔユニック"),IF(_xlpm.d<=100,IFERROR(INDEX(運賃マスター!$B$5:$B$14,MATCH(1,(運賃マスター!$A$5:$A$14>=_xlpm.d)*1,0)),運賃マスター!$B$5),運賃マスター!$B$17+CEILING((_xlpm.d-100)/10,1)*運賃マスター!$B$16),IF(OR(_xlpm.vt="3t",_xlpm.vt="3tユニック",_xlpm.vt="3ｔユニック"),IF(_xlpm.d<=100,IFERROR(INDEX(運賃マスター!$F$5:$F$14,MATCH(1,(運賃マスター!$E$5:$E$14>=_xlpm.d)*1,0)),運賃マスター!$F$5),運賃マスター!$F$17+CEILING((_xlpm.d-100)/10,1)*運賃マスター!$F$16),IF(_xlpm.vt="1t",IF(_xlpm.d<=100,IFERROR(INDEX(運賃マスター!$J$5:$J$14,MATCH(1,(運賃マスター!$I$5:$I$14>=_xlpm.d)*1,0)),運賃マスター!$J$5),運賃マスター!$J$17+CEILING((_xlpm.d-100)/10,1)*運賃マスター!$J$16),IF(_xlpm.vt="軽",IF(_xlpm.d<=50,IFERROR(INDEX(運賃マスター!$N$5:$N$14,MATCH(1,(運賃マスター!$M$5:$M$14>=_xlpm.d)*1,0)),運賃マスター!$N$5),IF(_xlpm.d<=100,運賃マスター!$N$15+(_xlpm.d-50)*運賃マスター!$N$16,運賃マスター!$N$17+(_xlpm.d-100)*運賃マスター!$N$18)),IF(_xlpm.vt="3tPG",IF(_xlpm.d<=100,IFERROR(INDEX(運賃マスター!$R$5:$R$14,MATCH(1,(運賃マスター!$Q$5:$Q$14>=_xlpm.d)*1,0)),運賃マスター!$R$5),運賃マスター!$R$17+CEILING((_xlpm.d-100)/10,1)*運賃マスター!$R$16),"")))))),""))}
A14: =IF(B14="","",COUNTA($B$6:B14)) | K14: {=IF(OR(H14="",L14=""),"",IFERROR(_xlfn.LET(_xlpm.vt,VLOOKUP(IFERROR(VALUE(LEFT(H14,FIND("＊",H14&"＊")-1)),H14),運賃マスター!$A$22:$B$40,2,FALSE),_xlpm.d,L14,IF(OR(_xlpm.vt="2t",_xlpm.vt="2tユニック",_xlpm.vt="2ｔユニック"),IF(_xlpm.d<=100,IFERROR(INDEX(運賃マスター!$B$5:$B$14,MATCH(1,(運賃マスター!$A$5:$A$14>=_xlpm.d)*1,0)),運賃マスター!$B$5),運賃マスター!$B$17+CEILING((_xlpm.d-100)/10,1)*運賃マスター!$B$16),IF(OR(_xlpm.vt="3t",_xlpm.vt="3tユニック",_xlpm.vt="3ｔユニック"),IF(_xlpm.d<=100,IFERROR(INDEX(運賃マスター!$F$5:$F$14,MATCH(1,(運賃マスター!$E$5:$E$14>=_xlpm.d)*1,0)),運賃マスター!$F$5),運賃マスター!$F$17+CEILING((_xlpm.d-100)/10,1)*運賃マスター!$F$16),IF(_xlpm.vt="1t",IF(_xlpm.d<=100,IFERROR(INDEX(運賃マスター!$J$5:$J$14,MATCH(1,(運賃マスター!$I$5:$I$14>=_xlpm.d)*1,0)),運賃マスター!$J$5),運賃マスター!$J$17+CEILING((_xlpm.d-100)/10,1)*運賃マスター!$J$16),IF(_xlpm.vt="軽",IF(_xlpm.d<=50,IFERROR(INDEX(運賃マスター!$N$5:$N$14,MATCH(1,(運賃マスター!$M$5:$M$14>=_xlpm.d)*1,0)),運賃マスター!$N$5),IF(_xlpm.d<=100,運賃マスター!$N$15+(_xlpm.d-50)*運賃マスター!$N$16,運賃マスター!$N$17+(_xlpm.d-100)*運賃マスター!$N$18)),IF(_xlpm.vt="3tPG",IF(_xlpm.d<=100,IFERROR(INDEX(運賃マスター!$R$5:$R$14,MATCH(1,(運賃マスター!$Q$5:$Q$14>=_xlpm.d)*1,0)),運賃マスター!$R$5),運賃マスター!$R$17+CEILING((_xlpm.d-100)/10,1)*運賃マスター!$R$16),"")))))),""))}
A15: =IF(B15="","",COUNTA($B$6:B15)) | K15: {=IF(OR(H15="",L15=""),"",IFERROR(_xlfn.LET(_xlpm.vt,VLOOKUP(IFERROR(VALUE(LEFT(H15,FIND("＊",H15&"＊")-1)),H15),運賃マスター!$A$22:$B$40,2,FALSE),_xlpm.d,L15,IF(OR(_xlpm.vt="2t",_xlpm.vt="2tユニック",_xlpm.vt="2ｔユニック"),IF(_xlpm.d<=100,IFERROR(INDEX(運賃マスター!$B$5:$B$14,MATCH(1,(運賃マスター!$A$5:$A$14>=_xlpm.d)*1,0)),運賃マスター!$B$5),運賃マスター!$B$17+CEILING((_xlpm.d-100)/10,1)*運賃マスター!$B$16),IF(OR(_xlpm.vt="3t",_xlpm.vt="3tユニック",_xlpm.vt="3ｔユニック"),IF(_xlpm.d<=100,IFERROR(INDEX(運賃マスター!$F$5:$F$14,MATCH(1,(運賃マスター!$E$5:$E$14>=_xlpm.d)*1,0)),運賃マスター!$F$5),運賃マスター!$F$17+CEILING((_xlpm.d-100)/10,1)*運賃マスター!$F$16),IF(_xlpm.vt="1t",IF(_xlpm.d<=100,IFERROR(INDEX(運賃マスター!$J$5:$J$14,MATCH(1,(運賃マスター!$I$5:$I$14>=_xlpm.d)*1,0)),運賃マスター!$J$5),運賃マスター!$J$17+CEILING((_xlpm.d-100)/10,1)*運賃マスター!$J$16),IF(_xlpm.vt="軽",IF(_xlpm.d<=50,IFERROR(INDEX(運賃マスター!$N$5:$N$14,MATCH(1,(運賃マスター!$M$5:$M$14>=_xlpm.d)*1,0)),運賃マスター!$N$5),IF(_xlpm.d<=100,運賃マスター!$N$15+(_xlpm.d-50)*運賃マスター!$N$16,運賃マスター!$N$17+(_xlpm.d-100)*運賃マスター!$N$18)),IF(_xlpm.vt="3tPG",IF(_xlpm.d<=100,IFERROR(INDEX(運賃マスター!$R$5:$R$14,MATCH(1,(運賃マスター!$Q$5:$Q$14>=_xlpm.d)*1,0)),運賃マスター!$R$5),運賃マスター!$R$17+CEILING((_xlpm.d-100)/10,1)*運賃マスター!$R$16),"")))))),""))}
A16: =IF(B16="","",COUNTA($B$6:B16)) | K16: {=IF(OR(H16="",L16=""),"",IFERROR(_xlfn.LET(_xlpm.vt,VLOOKUP(IFERROR(VALUE(LEFT(H16,FIND("＊",H16&"＊")-1)),H16),運賃マスター!$A$22:$B$40,2,FALSE),_xlpm.d,L16,IF(OR(_xlpm.vt="2t",_xlpm.vt="2tユニック",_xlpm.vt="2ｔユニック"),IF(_xlpm.d<=100,IFERROR(INDEX(運賃マスター!$B$5:$B$14,MATCH(1,(運賃マスター!$A$5:$A$14>=_xlpm.d)*1,0)),運賃マスター!$B$5),運賃マスター!$B$17+CEILING((_xlpm.d-100)/10,1)*運賃マスター!$B$16),IF(OR(_xlpm.vt="3t",_xlpm.vt="3tユニック",_xlpm.vt="3ｔユニック"),IF(_xlpm.d<=100,IFERROR(INDEX(運賃マスター!$F$5:$F$14,MATCH(1,(運賃マスター!$E$5:$E$14>=_xlpm.d)*1,0)),運賃マスター!$F$5),運賃マスター!$F$17+CEILING((_xlpm.d-100)/10,1)*運賃マスター!$F$16),IF(_xlpm.vt="1t",IF(_xlpm.d<=100,IFERROR(INDEX(運賃マスター!$J$5:$J$14,MATCH(1,(運賃マスター!$I$5:$I$14>=_xlpm.d)*1,0)),運賃マスター!$J$5),運賃マスター!$J$17+CEILING((_xlpm.d-100)/10,1)*運賃マスター!$J$16),IF(_xlpm.vt="軽",IF(_xlpm.d<=50,IFERROR(INDEX(運賃マスター!$N$5:$N$14,MATCH(1,(運賃マスター!$M$5:$M$14>=_xlpm.d)*1,0)),運賃マスター!$N$5),IF(_xlpm.d<=100,運賃マスター!$N$15+(_xlpm.d-50)*運賃マスター!$N$16,運賃マスター!$N$17+(_xlpm.d-100)*運賃マスター!$N$18)),IF(_xlpm.vt="3tPG",IF(_xlpm.d<=100,IFERROR(INDEX(運賃マスター!$R$5:$R$14,MATCH(1,(運賃マスター!$Q$5:$Q$14>=_xlpm.d)*1,0)),運賃マスター!$R$5),運賃マスター!$R$17+CEILING((_xlpm.d-100)/10,1)*運賃マスター!$R$16),"")))))),""))}
A17: =IF(B17="","",COUNTA($B$6:B17)) | K17: {=IF(OR(H17="",L17=""),"",IFERROR(_xlfn.LET(_xlpm.vt,VLOOKUP(IFERROR(VALUE(LEFT(H17,FIND("＊",H17&"＊")-1)),H17),運賃マスター!$A$22:$B$40,2,FALSE),_xlpm.d,L17,IF(OR(_xlpm.vt="2t",_xlpm.vt="2tユニック",_xlpm.vt="2ｔユニック"),IF(_xlpm.d<=100,IFERROR(INDEX(運賃マスター!$B$5:$B$14,MATCH(1,(運賃マスター!$A$5:$A$14>=_xlpm.d)*1,0)),運賃マスター!$B$5),運賃マスター!$B$17+CEILING((_xlpm.d-100)/10,1)*運賃マスター!$B$16),IF(OR(_xlpm.vt="3t",_xlpm.vt="3tユニック",_xlpm.vt="3ｔユニック"),IF(_xlpm.d<=100,IFERROR(INDEX(運賃マスター!$F$5:$F$14,MATCH(1,(運賃マスター!$E$5:$E$14>=_xlpm.d)*1,0)),運賃マスター!$F$5),運賃マスター!$F$17+CEILING((_xlpm.d-100)/10,1)*運賃マスター!$F$16),IF(_xlpm.vt="1t",IF(_xlpm.d<=100,IFERROR(INDEX(運賃マスター!$J$5:$J$14,MATCH(1,(運賃マスター!$I$5:$I$14>=_xlpm.d)*1,0)),運賃マスター!$J$5),運賃マスター!$J$17+CEILING((_xlpm.d-100)/10,1)*運賃マスター!$J$16),IF(_xlpm.vt="軽",IF(_xlpm.d<=50,IFERROR(INDEX(運賃マスター!$N$5:$N$14,MATCH(1,(運賃マスター!$M$5:$M$14>=_xlpm.d)*1,0)),運賃マスター!$N$5),IF(_xlpm.d<=100,運賃マスター!$N$15+(_xlpm.d-50)*運賃マスター!$N$16,運賃マスター!$N$17+(_xlpm.d-100)*運賃マスター!$N$18)),IF(_xlpm.vt="3tPG",IF(_xlpm.d<=100,IFERROR(INDEX(運賃マスター!$R$5:$R$14,MATCH(1,(運賃マスター!$Q$5:$Q$14>=_xlpm.d)*1,0)),運賃マスター!$R$5),運賃マスター!$R$17+CEILING((_xlpm.d-100)/10,1)*運賃マスター!$R$16),"")))))),""))}
A18: =IF(B18="","",COUNTA($B$6:B18)) | K18: {=IF(OR(H18="",L18=""),"",IFERROR(_xlfn.LET(_xlpm.vt,VLOOKUP(IFERROR(VALUE(LEFT(H18,FIND("＊",H18&"＊")-1)),H18),運賃マスター!$A$22:$B$40,2,FALSE),_xlpm.d,L18,IF(OR(_xlpm.vt="2t",_xlpm.vt="2tユニック",_xlpm.vt="2ｔユニック"),IF(_xlpm.d<=100,IFERROR(INDEX(運賃マスター!$B$5:$B$14,MATCH(1,(運賃マスター!$A$5:$A$14>=_xlpm.d)*1,0)),運賃マスター!$B$5),運賃マスター!$B$17+CEILING((_xlpm.d-100)/10,1)*運賃マスター!$B$16),IF(OR(_xlpm.vt="3t",_xlpm.vt="3tユニック",_xlpm.vt="3ｔユニック"),IF(_xlpm.d<=100,IFERROR(INDEX(運賃マスター!$F$5:$F$14,MATCH(1,(運賃マスター!$E$5:$E$14>=_xlpm.d)*1,0)),運賃マスター!$F$5),運賃マスター!$F$17+CEILING((_xlpm.d-100)/10,1)*運賃マスター!$F$16),IF(_xlpm.vt="1t",IF(_xlpm.d<=100,IFERROR(INDEX(運賃マスター!$J$5:$J$14,MATCH(1,(運賃マスター!$I$5:$I$14>=_xlpm.d)*1,0)),運賃マスター!$J$5),運賃マスター!$J$17+CEILING((_xlpm.d-100)/10,1)*運賃マスター!$J$16),IF(_xlpm.vt="軽",IF(_xlpm.d<=50,IFERROR(INDEX(運賃マスター!$N$5:$N$14,MATCH(1,(運賃マスター!$M$5:$M$14>=_xlpm.d)*1,0)),運賃マスター!$N$5),IF(_xlpm.d<=100,運賃マスター!$N$15+(_xlpm.d-50)*運賃マスター!$N$16,運賃マスター!$N$17+(_xlpm.d-100)*運賃マスター!$N$18)),IF(_xlpm.vt="3tPG",IF(_xlpm.d<=100,IFERROR(INDEX(運賃マスター!$R$5:$R$14,MATCH(1,(運賃マスター!$Q$5:$Q$14>=_xlpm.d)*1,0)),運賃マスター!$R$5),運賃マスター!$R$17+CEILING((_xlpm.d-100)/10,1)*運賃マスター!$R$16),"")))))),""))}
A19: =IF(B19="","",COUNTA($B$6:B19)) | K19: {=IF(OR(H19="",L19=""),"",IFERROR(_xlfn.LET(_xlpm.vt,VLOOKUP(IFERROR(VALUE(LEFT(H19,FIND("＊",H19&"＊")-1)),H19),運賃マスター!$A$22:$B$40,2,FALSE),_xlpm.d,L19,IF(OR(_xlpm.vt="2t",_xlpm.vt="2tユニック",_xlpm.vt="2ｔユニック"),IF(_xlpm.d<=100,IFERROR(INDEX(運賃マスター!$B$5:$B$14,MATCH(1,(運賃マスター!$A$5:$A$14>=_xlpm.d)*1,0)),運賃マスター!$B$5),運賃マスター!$B$17+CEILING((_xlpm.d-100)/10,1)*運賃マスター!$B$16),IF(OR(_xlpm.vt="3t",_xlpm.vt="3tユニック",_xlpm.vt="3ｔユニック"),IF(_xlpm.d<=100,IFERROR(INDEX(運賃マスター!$F$5:$F$14,MATCH(1,(運賃マスター!$E$5:$E$14>=_xlpm.d)*1,0)),運賃マスター!$F$5),運賃マスター!$F$17+CEILING((_xlpm.d-100)/10,1)*運賃マスター!$F$16),IF(_xlpm.vt="1t",IF(_xlpm.d<=100,IFERROR(INDEX(運賃マスター!$J$5:$J$14,MATCH(1,(運賃マスター!$I$5:$I$14>=_xlpm.d)*1,0)),運賃マスター!$J$5),運賃マスター!$J$17+CEILING((_xlpm.d-100)/10,1)*運賃マスター!$J$16),IF(_xlpm.vt="軽",IF(_xlpm.d<=50,IFERROR(INDEX(運賃マスター!$N$5:$N$14,MATCH(1,(運賃マスター!$M$5:$M$14>=_xlpm.d)*1,0)),運賃マスター!$N$5),IF(_xlpm.d<=100,運賃マスター!$N$15+(_xlpm.d-50)*運賃マスター!$N$16,運賃マスター!$N$17+(_xlpm.d-100)*運賃マスター!$N$18)),IF(_xlpm.vt="3tPG",IF(_xlpm.d<=100,IFERROR(INDEX(運賃マスター!$R$5:$R$14,MATCH(1,(運賃マスター!$Q$5:$Q$14>=_xlpm.d)*1,0)),運賃マスター!$R$5),運賃マスター!$R$17+CEILING((_xlpm.d-100)/10,1)*運賃マスター!$R$16),"")))))),""))}
A20: =IF(B20="","",COUNTA($B$6:B20)) | K20: {=IF(OR(H20="",L20=""),"",IFERROR(_xlfn.LET(_xlpm.vt,VLOOKUP(IFERROR(VALUE(LEFT(H20,FIND("＊",H20&"＊")-1)),H20),運賃マスター!$A$22:$B$40,2,FALSE),_xlpm.d,L20,IF(OR(_xlpm.vt="2t",_xlpm.vt="2tユニック",_xlpm.vt="2ｔユニック"),IF(_xlpm.d<=100,IFERROR(INDEX(運賃マスター!$B$5:$B$14,MATCH(1,(運賃マスター!$A$5:$A$14>=_xlpm.d)*1,0)),運賃マスター!$B$5),運賃マスター!$B$17+CEILING((_xlpm.d-100)/10,1)*運賃マスター!$B$16),IF(OR(_xlpm.vt="3t",_xlpm.vt="3tユニック",_xlpm.vt="3ｔユニック"),IF(_xlpm.d<=100,IFERROR(INDEX(運賃マスター!$F$5:$F$14,MATCH(1,(運賃マスター!$E$5:$E$14>=_xlpm.d)*1,0)),運賃マスター!$F$5),運賃マスター!$F$17+CEILING((_xlpm.d-100)/10,1)*運賃マスター!$F$16),IF(_xlpm.vt="1t",IF(_xlpm.d<=100,IFERROR(INDEX(運賃マスター!$J$5:$J$14,MATCH(1,(運賃マスター!$I$5:$I$14>=_xlpm.d)*1,0)),運賃マスター!$J$5),運賃マスター!$J$17+CEILING((_xlpm.d-100)/10,1)*運賃マスター!$J$16),IF(_xlpm.vt="軽",IF(_xlpm.d<=50,IFERROR(INDEX(運賃マスター!$N$5:$N$14,MATCH(1,(運賃マスター!$M$5:$M$14>=_xlpm.d)*1,0)),運賃マスター!$N$5),IF(_xlpm.d<=100,運賃マスター!$N$15+(_xlpm.d-50)*運賃マスター!$N$16,運賃マスター!$N$17+(_xlpm.d-100)*運賃マスター!$N$18)),IF(_xlpm.vt="3tPG",IF(_xlpm.d<=100,IFERROR(INDEX(運賃マスター!$R$5:$R$14,MATCH(1,(運賃マスター!$Q$5:$Q$14>=_xlpm.d)*1,0)),運賃マスター!$R$5),運賃マスター!$R$17+CEILING((_xlpm.d-100)/10,1)*運賃マスター!$R$16),"")))))),""))}
... A31: =IF(B31="","",COUNTA($B$6:B31)) | K31: {=IF(OR(H31="",L31=""),"",IFERROR(_xlfn.LET(_xlpm.vt,VLOOKUP(IFERROR(VALUE(LEFT(H31,FIND("＊",H31&"＊")-1)),H31),運賃マスター!$A$22:$B$40,2,FALSE),_xlpm.d,L31,IF(OR(_xlpm.vt="2t",_xlpm.vt="2tユニック",_xlpm.vt="2ｔユニック"),IF(_xlpm.d<=100,IFERROR(INDEX(運賃マスター!$B$5:$B$14,MATCH(1,(運賃マスター!$A$5:$A$14>=_xlpm.d)*1,0)),運賃マスター!$B$5),運賃マスター!$B$17+CEILING((_xlpm.d-100)/10,1)*運賃マスター!$B$16),IF(OR(_xlpm.vt="3t",_xlpm.vt="3tユニック",_xlpm.vt="3ｔユニック"),IF(_xlpm.d<=100,IFERROR(INDEX(運賃マスター!$F$5:$F$14,MATCH(1,(運賃マスター!$E$5:$E$14>=_xlpm.d)*1,0)),運賃マスター!$F$5),運賃マスター!$F$17+CEILING((_xlpm.d-100)/10,1)*運賃マスター!$F$16),IF(_xlpm.vt="1t",IF(_xlpm.d<=100,IFERROR(INDEX(運賃マスター!$J$5:$J$14,MATCH(1,(運賃マスター!$I$5:$I$14>=_xlpm.d)*1,0)),運賃マスター!$J$5),運賃マスター!$J$17+CEILING((_xlpm.d-100)/10,1)*運賃マスター!$J$16),IF(_xlpm.vt="軽",IF(_xlpm.d<=50,IFERROR(INDEX(運賃マスター!$N$5:$N$14,MATCH(1,(運賃マスター!$M$5:$M$14>=_xlpm.d)*1,0)),運賃マスター!$N$5),IF(_xlpm.d<=100,運賃マスター!$N$15+(_xlpm.d-50)*運賃マスター!$N$16,運賃マスター!$N$17+(_xlpm.d-100)*運賃マスター!$N$18)),IF(_xlpm.vt="3tPG",IF(_xlpm.d<=100,IFERROR(INDEX(運賃マスター!$R$5:$R$14,MATCH(1,(運賃マスター!$Q$5:$Q$14>=_xlpm.d)*1,0)),運賃マスター!$R$5),運賃マスター!$R$17+CEILING((_xlpm.d-100)/10,1)*運賃マスター!$R$16),"")))))),""))}
K32: {=IF(OR(H32="",L32=""),"",IFERROR(_xlfn.LET(_xlpm.vt,VLOOKUP(IFERROR(VALUE(LEFT(H32,FIND("＊",H32&"＊")-1)),H32),運賃マスター!$A$22:$B$40,2,FALSE),_xlpm.d,L32,IF(OR(_xlpm.vt="2t",_xlpm.vt="2tユニック",_xlpm.vt="2ｔユニック"),IF(_xlpm.d<=100,IFERROR(INDEX(運賃マスター!$B$5:$B$14,MATCH(1,(運賃マスター!$A$5:$A$14>=_xlpm.d)*1,0)),運賃マスター!$B$5),運賃マスター!$B$17+CEILING((_xlpm.d-100)/10,1)*運賃マスター!$B$16),IF(OR(_xlpm.vt="3t",_xlpm.vt="3tユニック",_xlpm.vt="3ｔユニック"),IF(_xlpm.d<=100,IFERROR(INDEX(運賃マスター!$F$5:$F$14,MATCH(1,(運賃マスター!$E$5:$E$14>=_xlpm.d)*1,0)),運賃マスター!$F$5),運賃マスター!$F$17+CEILING((_xlpm.d-100)/10,1)*運賃マスター!$F$16),IF(_xlpm.vt="1t",IF(_xlpm.d<=100,IFERROR(INDEX(運賃マスター!$J$5:$J$14,MATCH(1,(運賃マスター!$I$5:$I$14>=_xlpm.d)*1,0)),運賃マスター!$J$5),運賃マスター!$J$17+CEILING((_xlpm.d-100)/10,1)*運賃マスター!$J$16),IF(_xlpm.vt="軽",IF(_xlpm.d<=50,IFERROR(INDEX(運賃マスター!$N$5:$N$14,MATCH(1,(運賃マスター!$M$5:$M$14>=_xlpm.d)*1,0)),運賃マスター!$N$5),IF(_xlpm.d<=100,運賃マスター!$N$15+(_xlpm.d-50)*運賃マスター!$N$16,運賃マスター!$N$17+(_xlpm.d-100)*運賃マスター!$N$18)),IF(_xlpm.vt="3tPG",IF(_xlpm.d<=100,IFERROR(INDEX(運賃マスター!$R$5:$R$14,MATCH(1,(運賃マスター!$Q$5:$Q$14>=_xlpm.d)*1,0)),運賃マスター!$R$5),運賃マスター!$R$17+CEILING((_xlpm.d-100)/10,1)*運賃マスター!$R$16),"")))))),""))}
K33: {=IF(OR(H33="",L33=""),"",IFERROR(_xlfn.LET(_xlpm.vt,VLOOKUP(IFERROR(VALUE(LEFT(H33,FIND("＊",H33&"＊")-1)),H33),運賃マスター!$A$22:$B$40,2,FALSE),_xlpm.d,L33,IF(OR(_xlpm.vt="2t",_xlpm.vt="2tユニック",_xlpm.vt="2ｔユニック"),IF(_xlpm.d<=100,IFERROR(INDEX(運賃マスター!$B$5:$B$14,MATCH(1,(運賃マスター!$A$5:$A$14>=_xlpm.d)*1,0)),運賃マスター!$B$5),運賃マスター!$B$17+CEILING((_xlpm.d-100)/10,1)*運賃マスター!$B$16),IF(OR(_xlpm.vt="3t",_xlpm.vt="3tユニック",_xlpm.vt="3ｔユニック"),IF(_xlpm.d<=100,IFERROR(INDEX(運賃マスター!$F$5:$F$14,MATCH(1,(運賃マスター!$E$5:$E$14>=_xlpm.d)*1,0)),運賃マスター!$F$5),運賃マスター!$F$17+CEILING((_xlpm.d-100)/10,1)*運賃マスター!$F$16),IF(_xlpm.vt="1t",IF(_xlpm.d<=100,IFERROR(INDEX(運賃マスター!$J$5:$J$14,MATCH(1,(運賃マスター!$I$5:$I$14>=_xlpm.d)*1,0)),運賃マスター!$J$5),運賃マスター!$J$17+CEILING((_xlpm.d-100)/10,1)*運賃マスター!$J$16),IF(_xlpm.vt="軽",IF(_xlpm.d<=50,IFERROR(INDEX(運賃マスター!$N$5:$N$14,MATCH(1,(運賃マスター!$M$5:$M$14>=_xlpm.d)*1,0)),運賃マスター!$N$5),IF(_xlpm.d<=100,運賃マスター!$N$15+(_xlpm.d-50)*運賃マスター!$N$16,運賃マスター!$N$17+(_xlpm.d-100)*運賃マスター!$N$18)),IF(_xlpm.vt="3tPG",IF(_xlpm.d<=100,IFERROR(INDEX(運賃マスター!$R$5:$R$14,MATCH(1,(運賃マスター!$Q$5:$Q$14>=_xlpm.d)*1,0)),運賃マスター!$R$5),運賃マスター!$R$17+CEILING((_xlpm.d-100)/10,1)*運賃マスター!$R$16),"")))))),""))}
D34: 現在待機場所 | E34: 待機予定場所 | H34: 目標距離 | K34: {=IF(OR(H34="",L34=""),"",IFERROR(_xlfn.LET(_xlpm.vt,VLOOKUP(IFERROR(VALUE(LEFT(H34,FIND("＊",H34&"＊")-1)),H34),運賃マスター!$A$22:$B$40,2,FALSE),_xlpm.d,L34,IF(OR(_xlpm.vt="2t",_xlpm.vt="2tユニック",_xlpm.vt="2ｔユニック"),IF(_xlpm.d<=100,IFERROR(INDEX(運賃マスター!$B$5:$B$14,MATCH(1,(運賃マスター!$A$5:$A$14>=_xlpm.d)*1,0)),運賃マスター!$B$5),運賃マスター!$B$17+CEILING((_xlpm.d-100)/10,1)*運賃マスター!$B$16),IF(OR(_xlpm.vt="3t",_xlpm.vt="3tユニック",_xlpm.vt="3ｔユニック"),IF(_xlpm.d<=100,IFERROR(INDEX(運賃マスター!$F$5:$F$14,MATCH(1,(運賃マスター!$E$5:$E$14>=_xlpm.d)*1,0)),運賃マスター!$F$5),運賃マスター!$F$17+CEILING((_xlpm.d-100)/10,1)*運賃マスター!$F$16),IF(_xlpm.vt="1t",IF(_xlpm.d<=100,IFERROR(INDEX(運賃マスター!$J$5:$J$14,MATCH(1,(運賃マスター!$I$5:$I$14>=_xlpm.d)*1,0)),運賃マスター!$J$5),運賃マスター!$J$17+CEILING((_xlpm.d-100)/10,1)*運賃マスター!$J$16),IF(_xlpm.vt="軽",IF(_xlpm.d<=50,IFERROR(INDEX(運賃マスター!$N$5:$N$14,MATCH(1,(運賃マスター!$M$5:$M$14>=_xlpm.d)*1,0)),運賃マスター!$N$5),IF(_xlpm.d<=100,運賃マスター!$N$15+(_xlpm.d-50)*運賃マスター!$N$16,運賃マスター!$N$17+(_xlpm.d-100)*運賃マスター!$N$18)),IF(_xlpm.vt="3tPG",IF(_xlpm.d<=100,IFERROR(INDEX(運賃マスター!$R$5:$R$14,MATCH(1,(運賃マスター!$Q$5:$Q$14>=_xlpm.d)*1,0)),運賃マスター!$R$5),運賃マスター!$R$17+CEILING((_xlpm.d-100)/10,1)*運賃マスター!$R$16),"")))))),""))}
B35: 2(255) | C35: 山岸
B36: 8(254) | C36: 砂川 | H36: 残距離 | K36: {=IF(OR(H36="",L36=""),"",IFERROR(_xlfn.LET(_xlpm.vt,VLOOKUP(IFERROR(VALUE(LEFT(H36,FIND("＊",H36&"＊")-1)),H36),運賃マスター!$A$22:$B$40,2,FALSE),_xlpm.d,L36,IF(OR(_xlpm.vt="2t",_xlpm.vt="2tユニック",_xlpm.vt="2ｔユニック"),IF(_xlpm.d<=100,IFERROR(INDEX(運賃マスター!$B$5:$B$14,MATCH(1,(運賃マスター!$A$5:$A$14>=_xlpm.d)*1,0)),運賃マスター!$B$5),運賃マスター!$B$17+CEILING((_xlpm.d-100)/10,1)*運賃マスター!$B$16),IF(OR(_xlpm.vt="3t",_xlpm.vt="3tユニック",_xlpm.vt="3ｔユニック"),IF(_xlpm.d<=100,IFERROR(INDEX(運賃マスター!$F$5:$F$14,MATCH(1,(運賃マスター!$E$5:$E$14>=_xlpm.d)*1,0)),運賃マスター!$F$5),運賃マスター!$F$17+CEILING((_xlpm.d-100)/10,1)*運賃マスター!$F$16),IF(_xlpm.vt="1t",IF(_xlpm.d<=100,IFERROR(INDEX(運賃マスター!$J$5:$J$14,MATCH(1,(運賃マスター!$I$5:$I$14>=_xlpm.d)*1,0)),運賃マスター!$J$5),運賃マスター!$J$17+CEILING((_xlpm.d-100)/10,1)*運賃マスター!$J$16),IF(_xlpm.vt="軽",IF(_xlpm.d<=50,IFERROR(INDEX(運賃マスター!$N$5:$N$14,MATCH(1,(運賃マスター!$M$5:$M$14>=_xlpm.d)*1,0)),運賃マスター!$N$5),IF(_xlpm.d<=100,運賃マスター!$N$15+(_xlpm.d-50)*運賃マスター!$N$16,運賃マスター!$N$17+(_xlpm.d-100)*運賃マスター!$N$18)),IF(_xlpm.vt="3tPG",IF(_xlpm.d<=100,IFERROR(INDEX(運賃マスター!$R$5:$R$14,MATCH(1,(運賃マスター!$Q$5:$Q$14>=_xlpm.d)*1,0)),運賃マスター!$R$5),運賃マスター!$R$17+CEILING((_xlpm.d-100)/10,1)*運賃マスター!$R$16),"")))))),""))}
B37: 9(256) | C37: 前川
B38: 10(257) | K38: {=IF(OR(H38="",L38=""),"",IFERROR(_xlfn.LET(_xlpm.vt,VLOOKUP(IFERROR(VALUE(LEFT(H38,FIND("＊",H38&"＊")-1)),H38),運賃マスター!$A$22:$B$40,2,FALSE),_xlpm.d,L38,IF(OR(_xlpm.vt="2t",_xlpm.vt="2tユニック",_xlpm.vt="2ｔユニック"),IF(_xlpm.d<=100,IFERROR(INDEX(運賃マスター!$B$5:$B$14,MATCH(1,(運賃マスター!$A$5:$A$14>=_xlpm.d)*1,0)),運賃マスター!$B$5),運賃マスター!$B$17+CEILING((_xlpm.d-100)/10,1)*運賃マスター!$B$16),IF(OR(_xlpm.vt="3t",_xlpm.vt="3tユニック",_xlpm.vt="3ｔユニック"),IF(_xlpm.d<=100,IFERROR(INDEX(運賃マスター!$F$5:$F$14,MATCH(1,(運賃マスター!$E$5:$E$14>=_xlpm.d)*1,0)),運賃マスター!$F$5),運賃マスター!$F$17+CEILING((_xlpm.d-100)/10,1)*運賃マスター!$F$16),IF(_xlpm.vt="1t",IF(_xlpm.d<=100,IFERROR(INDEX(運賃マスター!$J$5:$J$14,MATCH(1,(運賃マスター!$I$5:$I$14>=_xlpm.d)*1,0)),運賃マスター!$J$5),運賃マスター!$J$17+CEILING((_xlpm.d-100)/10,1)*運賃マスター!$J$16),IF(_xlpm.vt="軽",IF(_xlpm.d<=50,IFERROR(INDEX(運賃マスター!$N$5:$N$14,MATCH(1,(運賃マスター!$M$5:$M$14>=_xlpm.d)*1,0)),運賃マスター!$N$5),IF(_xlpm.d<=100,運賃マスター!$N$15+(_xlpm.d-50)*運賃マスター!$N$16,運賃マスター!$N$17+(_xlpm.d-100)*運賃マスター!$N$18)),IF(_xlpm.vt="3tPG",IF(_xlpm.d<=100,IFERROR(INDEX(運賃マスター!$R$5:$R$14,MATCH(1,(運賃マスター!$Q$5:$Q$14>=_xlpm.d)*1,0)),運賃マスター!$R$5),運賃マスター!$R$17+CEILING((_xlpm.d-100)/10,1)*運賃マスター!$R$16),"")))))),""))}
B39: 11(258) | C39: 郡司 | H39: 依頼件数 | K39: {=IF(OR(H39="",L39=""),"",IFERROR(_xlfn.LET(_xlpm.vt,VLOOKUP(IFERROR(VALUE(LEFT(H39,FIND("＊",H39&"＊")-1)),H39),運賃マスター!$A$22:$B$40,2,FALSE),_xlpm.d,L39,IF(OR(_xlpm.vt="2t",_xlpm.vt="2tユニック",_xlpm.vt="2ｔユニック"),IF(_xlpm.d<=100,IFERROR(INDEX(運賃マスター!$B$5:$B$14,MATCH(1,(運賃マスター!$A$5:$A$14>=_xlpm.d)*1,0)),運賃マスター!$B$5),運賃マスター!$B$17+CEILING((_xlpm.d-100)/10,1)*運賃マスター!$B$16),IF(OR(_xlpm.vt="3t",_xlpm.vt="3tユニック",_xlpm.vt="3ｔユニック"),IF(_xlpm.d<=100,IFERROR(INDEX(運賃マスター!$F$5:$F$14,MATCH(1,(運賃マスター!$E$5:$E$14>=_xlpm.d)*1,0)),運賃マスター!$F$5),運賃マスター!$F$17+CEILING((_xlpm.d-100)/10,1)*運賃マスター!$F$16),IF(_xlpm.vt="1t",IF(_xlpm.d<=100,IFERROR(INDEX(運賃マスター!$J$5:$J$14,MATCH(1,(運賃マスター!$I$5:$I$14>=_xlpm.d)*1,0)),運賃マスター!$J$5),運賃マスター!$J$17+CEILING((_xlpm.d-100)/10,1)*運賃マスター!$J$16),IF(_xlpm.vt="軽",IF(_xlpm.d<=50,IFERROR(INDEX(運賃マスター!$N$5:$N$14,MATCH(1,(運賃マスター!$M$5:$M$14>=_xlpm.d)*1,0)),運賃マスター!$N$5),IF(_xlpm.d<=100,運賃マスター!$N$15+(_xlpm.d-50)*運賃マスター!$N$16,運賃マスター!$N$17+(_xlpm.d-100)*運賃マスター!$N$18)),IF(_xlpm.vt="3tPG",IF(_xlpm.d<=100,IFERROR(INDEX(運賃マスター!$R$5:$R$14,MATCH(1,(運賃マスター!$Q$5:$Q$14>=_xlpm.d)*1,0)),運賃マスター!$R$5),運賃マスター!$R$17+CEILING((_xlpm.d-100)/10,1)*運賃マスター!$R$16),"")))))),""))}
B40: 12(736)
B41: 13(737) | K41: {=IF(OR(H41="",L41=""),"",IFERROR(_xlfn.LET(_xlpm.vt,VLOOKUP(IFERROR(VALUE(LEFT(H41,FIND("＊",H41&"＊")-1)),H41),運賃マスター!$A$22:$B$40,2,FALSE),_xlpm.d,L41,IF(OR(_xlpm.vt="2t",_xlpm.vt="2tユニック",_xlpm.vt="2ｔユニック"),IF(_xlpm.d<=100,IFERROR(INDEX(運賃マスター!$B$5:$B$14,MATCH(1,(運賃マスター!$A$5:$A$14>=_xlpm.d)*1,0)),運賃マスター!$B$5),運賃マスター!$B$17+CEILING((_xlpm.d-100)/10,1)*運賃マスター!$B$16),IF(OR(_xlpm.vt="3t",_xlpm.vt="3tユニック",_xlpm.vt="3ｔユニック"),IF(_xlpm.d<=100,IFERROR(INDEX(運賃マスター!$F$5:$F$14,MATCH(1,(運賃マスター!$E$5:$E$14>=_xlpm.d)*1,0)),運賃マスター!$F$5),運賃マスター!$F$17+CEILING((_xlpm.d-100)/10,1)*運賃マスター!$F$16),IF(_xlpm.vt="1t",IF(_xlpm.d<=100,IFERROR(INDEX(運賃マスター!$J$5:$J$14,MATCH(1,(運賃マスター!$I$5:$I$14>=_xlpm.d)*1,0)),運賃マスター!$J$5),運賃マスター!$J$17+CEILING((_xlpm.d-100)/10,1)*運賃マスター!$J$16),IF(_xlpm.vt="軽",IF(_xlpm.d<=50,IFERROR(INDEX(運賃マスター!$N$5:$N$14,MATCH(1,(運賃マスター!$M$5:$M$14>=_xlpm.d)*1,0)),運賃マスター!$N$5),IF(_xlpm.d<=100,運賃マスター!$N$15+(_xlpm.d-50)*運賃マスター!$N$16,運賃マスター!$N$17+(_xlpm.d-100)*運賃マスター!$N$18)),IF(_xlpm.vt="3tPG",IF(_xlpm.d<=100,IFERROR(INDEX(運賃マスター!$R$5:$R$14,MATCH(1,(運賃マスター!$Q$5:$Q$14>=_xlpm.d)*1,0)),運賃マスター!$R$5),運賃マスター!$R$17+CEILING((_xlpm.d-100)/10,1)*運賃マスター!$R$16),"")))))),""))}
B42: 14(738) | C42: 辻井 | K42: {=IF(OR(H42="",L42=""),"",IFERROR(_xlfn.LET(_xlpm.vt,VLOOKUP(IFERROR(VALUE(LEFT(H42,FIND("＊",H42&"＊")-1)),H42),運賃マスター!$A$22:$B$40,2,FALSE),_xlpm.d,L42,IF(OR(_xlpm.vt="2t",_xlpm.vt="2tユニック",_xlpm.vt="2ｔユニック"),IF(_xlpm.d<=100,IFERROR(INDEX(運賃マスター!$B$5:$B$14,MATCH(1,(運賃マスター!$A$5:$A$14>=_xlpm.d)*1,0)),運賃マスター!$B$5),運賃マスター!$B$17+CEILING((_xlpm.d-100)/10,1)*運賃マスター!$B$16),IF(OR(_xlpm.vt="3t",_xlpm.vt="3tユニック",_xlpm.vt="3ｔユニック"),IF(_xlpm.d<=100,IFERROR(INDEX(運賃マスター!$F$5:$F$14,MATCH(1,(運賃マスター!$E$5:$E$14>=_xlpm.d)*1,0)),運賃マスター!$F$5),運賃マスター!$F$17+CEILING((_xlpm.d-100)/10,1)*運賃マスター!$F$16),IF(_xlpm.vt="1t",IF(_xlpm.d<=100,IFERROR(INDEX(運賃マスター!$J$5:$J$14,MATCH(1,(運賃マスター!$I$5:$I$14>=_xlpm.d)*1,0)),運賃マスター!$J$5),運賃マスター!$J$17+CEILING((_xlpm.d-100)/10,1)*運賃マスター!$J$16),IF(_xlpm.vt="軽",IF(_xlpm.d<=50,IFERROR(INDEX(運賃マスター!$N$5:$N$14,MATCH(1,(運賃マスター!$M$5:$M$14>=_xlpm.d)*1,0)),運賃マスター!$N$5),IF(_xlpm.d<=100,運賃マスター!$N$15+(_xlpm.d-50)*運賃マスター!$N$16,運賃マスター!$N$17+(_xlpm.d-100)*運賃マスター!$N$18)),IF(_xlpm.vt="3tPG",IF(_xlpm.d<=100,IFERROR(INDEX(運賃マスター!$R$5:$R$14,MATCH(1,(運賃マスター!$Q$5:$Q$14>=_xlpm.d)*1,0)),運賃マスター!$R$5),運賃マスター!$R$17+CEILING((_xlpm.d-100)/10,1)*運賃マスター!$R$16),"")))))),""))}
K43: {=IF(OR(H43="",L43=""),"",IFERROR(_xlfn.LET(_xlpm.vt,VLOOKUP(IFERROR(VALUE(LEFT(H43,FIND("＊",H43&"＊")-1)),H43),運賃マスター!$A$22:$B$40,2,FALSE),_xlpm.d,L43,IF(OR(_xlpm.vt="2t",_xlpm.vt="2tユニック",_xlpm.vt="2ｔユニック"),IF(_xlpm.d<=100,IFERROR(INDEX(運賃マスター!$B$5:$B$14,MATCH(1,(運賃マスター!$A$5:$A$14>=_xlpm.d)*1,0)),運賃マスター!$B$5),運賃マスター!$B$17+CEILING((_xlpm.d-100)/10,1)*運賃マスター!$B$16),IF(OR(_xlpm.vt="3t",_xlpm.vt="3tユニック",_xlpm.vt="3ｔユニック"),IF(_xlpm.d<=100,IFERROR(INDEX(運賃マスター!$F$5:$F$14,MATCH(1,(運賃マスター!$E$5:$E$14>=_xlpm.d)*1,0)),運賃マスター!$F$5),運賃マスター!$F$17+CEILING((_xlpm.d-100)/10,1)*運賃マスター!$F$16),IF(_xlpm.vt="1t",IF(_xlpm.d<=100,IFERROR(INDEX(運賃マスター!$J$5:$J$14,MATCH(1,(運賃マスター!$I$5:$I$14>=_xlpm.d)*1,0)),運賃マスター!$J$5),運賃マスター!$J$17+CEILING((_xlpm.d-100)/10,1)*運賃マスター!$J$16),IF(_xlpm.vt="軽",IF(_xlpm.d<=50,IFERROR(INDEX(運賃マスター!$N$5:$N$14,MATCH(1,(運賃マスター!$M$5:$M$14>=_xlpm.d)*1,0)),運賃マスター!$N$5),IF(_xlpm.d<=100,運賃マスター!$N$15+(_xlpm.d-50)*運賃マスター!$N$16,運賃マスター!$N$17+(_xlpm.d-100)*運賃マスター!$N$18)),IF(_xlpm.vt="3tPG",IF(_xlpm.d<=100,IFERROR(INDEX(運賃マスター!$R$5:$R$14,MATCH(1,(運賃マスター!$Q$5:$Q$14>=_xlpm.d)*1,0)),運賃マスター!$R$5),運賃マスター!$R$17+CEILING((_xlpm.d-100)/10,1)*運賃マスター!$R$16),"")))))),""))}
B44: 7290 | C44: 佐藤 | K44: {=IF(OR(H44="",L44=""),"",IFERROR(_xlfn.LET(_xlpm.vt,VLOOKUP(IFERROR(VALUE(LEFT(H44,FIND("＊",H44&"＊")-1)),H44),運賃マスター!$A$22:$B$40,2,FALSE),_xlpm.d,L44,IF(OR(_xlpm.vt="2t",_xlpm.vt="2tユニック",_xlpm.vt="2ｔユニック"),IF(_xlpm.d<=100,IFERROR(INDEX(運賃マスター!$B$5:$B$14,MATCH(1,(運賃マスター!$A$5:$A$14>=_xlpm.d)*1,0)),運賃マスター!$B$5),運賃マスター!$B$17+CEILING((_xlpm.d-100)/10,1)*運賃マスター!$B$16),IF(OR(_xlpm.vt="3t",_xlpm.vt="3tユニック",_xlpm.vt="3ｔユニック"),IF(_xlpm.d<=100,IFERROR(INDEX(運賃マスター!$F$5:$F$14,MATCH(1,(運賃マスター!$E$5:$E$14>=_xlpm.d)*1,0)),運賃マスター!$F$5),運賃マスター!$F$17+CEILING((_xlpm.d-100)/10,1)*運賃マスター!$F$16),IF(_xlpm.vt="1t",IF(_xlpm.d<=100,IFERROR(INDEX(運賃マスター!$J$5:$J$14,MATCH(1,(運賃マスター!$I$5:$I$14>=_xlpm.d)*1,0)),運賃マスター!$J$5),運賃マスター!$J$17+CEILING((_xlpm.d-100)/10,1)*運賃マスター!$J$16),IF(_xlpm.vt="軽",IF(_xlpm.d<=50,IFERROR(INDEX(運賃マスター!$N$5:$N$14,MATCH(1,(運賃マスター!$M$5:$M$14>=_xlpm.d)*1,0)),運賃マスター!$N$5),IF(_xlpm.d<=100,運賃マスター!$N$15+(_xlpm.d-50)*運賃マスター!$N$16,運賃マスター!$N$17+(_xlpm.d-100)*運賃マスター!$N$18)),IF(_xlpm.vt="3tPG",IF(_xlpm.d<=100,IFERROR(INDEX(運賃マスター!$R$5:$R$14,MATCH(1,(運賃マスター!$Q$5:$Q$14>=_xlpm.d)*1,0)),運賃マスター!$R$5),運賃マスター!$R$17+CEILING((_xlpm.d-100)/10,1)*運賃マスター!$R$16),"")))))),""))}
B45: 7291 | C45: 末次 | K45: {=IF(OR(H45="",L45=""),"",IFERROR(_xlfn.LET(_xlpm.vt,VLOOKUP(IFERROR(VALUE(LEFT(H45,FIND("＊",H45&"＊")-1)),H45),運賃マスター!$A$22:$B$40,2,FALSE),_xlpm.d,L45,IF(OR(_xlpm.vt="2t",_xlpm.vt="2tユニック",_xlpm.vt="2ｔユニック"),IF(_xlpm.d<=100,IFERROR(INDEX(運賃マスター!$B$5:$B$14,MATCH(1,(運賃マスター!$A$5:$A$14>=_xlpm.d)*1,0)),運賃マスター!$B$5),運賃マスター!$B$17+CEILING((_xlpm.d-100)/10,1)*運賃マスター!$B$16),IF(OR(_xlpm.vt="3t",_xlpm.vt="3tユニック",_xlpm.vt="3ｔユニック"),IF(_xlpm.d<=100,IFERROR(INDEX(運賃マスター!$F$5:$F$14,MATCH(1,(運賃マスター!$E$5:$E$14>=_xlpm.d)*1,0)),運賃マスター!$F$5),運賃マスター!$F$17+CEILING((_xlpm.d-100)/10,1)*運賃マスター!$F$16),IF(_xlpm.vt="1t",IF(_xlpm.d<=100,IFERROR(INDEX(運賃マスター!$J$5:$J$14,MATCH(1,(運賃マスター!$I$5:$I$14>=_xlpm.d)*1,0)),運賃マスター!$J$5),運賃マスター!$J$17+CEILING((_xlpm.d-100)/10,1)*運賃マスター!$J$16),IF(_xlpm.vt="軽",IF(_xlpm.d<=50,IFERROR(INDEX(運賃マスター!$N$5:$N$14,MATCH(1,(運賃マスター!$M$5:$M$14>=_xlpm.d)*1,0)),運賃マスター!$N$5),IF(_xlpm.d<=100,運賃マスター!$N$15+(_xlpm.d-50)*運賃マスター!$N$16,運賃マスター!$N$17+(_xlpm.d-100)*運賃マスター!$N$18)),IF(_xlpm.vt="3tPG",IF(_xlpm.d<=100,IFERROR(INDEX(運賃マスター!$R$5:$R$14,MATCH(1,(運賃マスター!$Q$5:$Q$14>=_xlpm.d)*1,0)),運賃マスター!$R$5),運賃マスター!$R$17+CEILING((_xlpm.d-100)/10,1)*運賃マスター!$R$16),"")))))),""))}
K46: {=IF(OR(H46="",L46=""),"",IFERROR(_xlfn.LET(_xlpm.vt,VLOOKUP(IFERROR(VALUE(LEFT(H46,FIND("＊",H46&"＊")-1)),H46),運賃マスター!$A$22:$B$40,2,FALSE),_xlpm.d,L46,IF(OR(_xlpm.vt="2t",_xlpm.vt="2tユニック",_xlpm.vt="2ｔユニック"),IF(_xlpm.d<=100,IFERROR(INDEX(運賃マスター!$B$5:$B$14,MATCH(1,(運賃マスター!$A$5:$A$14>=_xlpm.d)*1,0)),運賃マスター!$B$5),運賃マスター!$B$17+CEILING((_xlpm.d-100)/10,1)*運賃マスター!$B$16),IF(OR(_xlpm.vt="3t",_xlpm.vt="3tユニック",_xlpm.vt="3ｔユニック"),IF(_xlpm.d<=100,IFERROR(INDEX(運賃マスター!$F$5:$F$14,MATCH(1,(運賃マスター!$E$5:$E$14>=_xlpm.d)*1,0)),運賃マスター!$F$5),運賃マスター!$F$17+CEILING((_xlpm.d-100)/10,1)*運賃マスター!$F$16),IF(_xlpm.vt="1t",IF(_xlpm.d<=100,IFERROR(INDEX(運賃マスター!$J$5:$J$14,MATCH(1,(運賃マスター!$I$5:$I$14>=_xlpm.d)*1,0)),運賃マスター!$J$5),運賃マスター!$J$17+CEILING((_xlpm.d-100)/10,1)*運賃マスター!$J$16),IF(_xlpm.vt="軽",IF(_xlpm.d<=50,IFERROR(INDEX(運賃マスター!$N$5:$N$14,MATCH(1,(運賃マスター!$M$5:$M$14>=_xlpm.d)*1,0)),運賃マスター!$N$5),IF(_xlpm.d<=100,運賃マスター!$N$15+(_xlpm.d-50)*運賃マスター!$N$16,運賃マスター!$N$17+(_xlpm.d-100)*運賃マスター!$N$18)),IF(_xlpm.vt="3tPG",IF(_xlpm.d<=100,IFERROR(INDEX(運賃マスター!$R$5:$R$14,MATCH(1,(運賃マスター!$Q$5:$Q$14>=_xlpm.d)*1,0)),運賃マスター!$R$5),運賃マスター!$R$17+CEILING((_xlpm.d-100)/10,1)*運賃マスター!$R$16),"")))))),""))}
B47: 333 | C47: 金井/奥田 | K47: {=IF(OR(H47="",L47=""),"",IFERROR(_xlfn.LET(_xlpm.vt,VLOOKUP(IFERROR(VALUE(LEFT(H47,FIND("＊",H47&"＊")-1)),H47),運賃マスター!$A$22:$B$40,2,FALSE),_xlpm.d,L47,IF(OR(_xlpm.vt="2t",_xlpm.vt="2tユニック",_xlpm.vt="2ｔユニック"),IF(_xlpm.d<=100,IFERROR(INDEX(運賃マスター!$B$5:$B$14,MATCH(1,(運賃マスター!$A$5:$A$14>=_xlpm.d)*1,0)),運賃マスター!$B$5),運賃マスター!$B$17+CEILING((_xlpm.d-100)/10,1)*運賃マスター!$B$16),IF(OR(_xlpm.vt="3t",_xlpm.vt="3tユニック",_xlpm.vt="3ｔユニック"),IF(_xlpm.d<=100,IFERROR(INDEX(運賃マスター!$F$5:$F$14,MATCH(1,(運賃マスター!$E$5:$E$14>=_xlpm.d)*1,0)),運賃マスター!$F$5),運賃マスター!$F$17+CEILING((_xlpm.d-100)/10,1)*運賃マスター!$F$16),IF(_xlpm.vt="1t",IF(_xlpm.d<=100,IFERROR(INDEX(運賃マスター!$J$5:$J$14,MATCH(1,(運賃マスター!$I$5:$I$14>=_xlpm.d)*1,0)),運賃マスター!$J$5),運賃マスター!$J$17+CEILING((_xlpm.d-100)/10,1)*運賃マスター!$J$16),IF(_xlpm.vt="軽",IF(_xlpm.d<=50,IFERROR(INDEX(運賃マスター!$N$5:$N$14,MATCH(1,(運賃マスター!$M$5:$M$14>=_xlpm.d)*1,0)),運賃マスター!$N$5),IF(_xlpm.d<=100,運賃マスター!$N$15+(_xlpm.d-50)*運賃マスター!$N$16,運賃マスター!$N$17+(_xlpm.d-100)*運賃マスター!$N$18)),IF(_xlpm.vt="3tPG",IF(_xlpm.d<=100,IFERROR(INDEX(運賃マスター!$R$5:$R$14,MATCH(1,(運賃マスター!$Q$5:$Q$14>=_xlpm.d)*1,0)),運賃マスター!$R$5),運賃マスター!$R$17+CEILING((_xlpm.d-100)/10,1)*運賃マスター!$R$16),"")))))),""))}
B48: 666 | C48: 徳留
B49: 777
B50: 330
B51: 990 | C51: 山原
C53: 出発→到着 | D53: 備考
B54: ① | C54: 東→西 | D54: ①Aチーム優先
B55: ② | C55: 東→東 | D55: ②急ぎ案件の場合、道路状況も伝えてあげる。
B56: ③ | C56: 西→東 | D56: ③各ドライバーの位置からの帰社のタイミング・夕方の配置
B57: ④ | C57: 西→西 | D57: ④依頼を受ける際の、希望時間と現状の位置。行けるか行けないかの判断をしっかりと。
D58: ⑤軽に乗るか乗らないかの判断に気を付ける。
C59: 現状配置(予測) | D59: ⑥18/1日、1.8/1人、3件/1人
B60: 西(神戸西・弥栄台) | D60: ⑦依頼書の見落とし(日付、入替、入出庫、場所）
B61: 真ん中(摩耶・中央) | D61: ⑧3ｔ車と2ｔ車への振り方(西と東に振り分ける)
B62: 東(尼崎・伊丹・西宮) | D62: ⑨
B63: 極東(港区・淀屋橋)
C65: 合計額/380 | D65: =SUM(G65) | F65: 売り上げ額 | G65: =SUM(SUM(K4:K31))
C67: 前日までの売上合計額 | D67: =SUM('6 2'!D66:D67)
F68: 金井（55)
D69: =D65+D67 | F69: 粟津(55)
F70: 砂川(50)
C71: 高代 | F71: 前川(50)
C72: 返還代 | F72: 佐藤(50)
C73: 回収率 | D73: =D72/D71 | F73: 末次(55)
C74: 費 | D74: =D71-D72 | F74: 筒井(75)
F75: 山岸(40)
F76: 多苗(30)

Sheet 6　4 
B2: 46177 | D2: NO.2
B3: 荷主 | C3: 種類 | D3: 積込地 | E3: 積降地 | F3: ユーザー名(搬入/搬出) | G3: 時間 | H3: 号車 | J3: 距離 | K3: 特記事項 | L3: 距離 | M3: 終了地 | N3: 予定時間 | O3: 必要時間 | P3: 件数 | Q3: メモ
A5: =IF(B5="","",COUNTA($B$6:B6)) | I5: =IFERROR(_xlfn.XLOOKUP(H5,案件・ドライバー一覧!$L$3:$L$17,案件・ドライバー一覧!$M$3:$M$17,""),"")
A6: =IF(B6="","",COUNTA($B$6:B6)) | I6: =IFERROR(_xlfn.XLOOKUP(H6,案件・ドライバー一覧!$L$3:$L$17,案件・ドライバー一覧!$M$3:$M$17,""),"")
A7: =IF(B7="","",COUNTA($B$6:B7)) | K7: {=IF(OR(H7="",L7=""),"",IFERROR(_xlfn.LET(_xlpm.vt,VLOOKUP(IFERROR(VALUE(LEFT(H7,FIND("＊",H7&"＊")-1)),H7),運賃マスター!$A$22:$B$40,2,FALSE),_xlpm.d,L7,IF(OR(_xlpm.vt="2t",_xlpm.vt="2tユニック",_xlpm.vt="2ｔユニック"),IF(_xlpm.d<=100,IFERROR(INDEX(運賃マスター!$B$5:$B$14,MATCH(1,(運賃マスター!$A$5:$A$14>=_xlpm.d)*1,0)),運賃マスター!$B$5),運賃マスター!$B$17+CEILING((_xlpm.d-100)/10,1)*運賃マスター!$B$16),IF(OR(_xlpm.vt="3t",_xlpm.vt="3tユニック",_xlpm.vt="3ｔユニック"),IF(_xlpm.d<=100,IFERROR(INDEX(運賃マスター!$F$5:$F$14,MATCH(1,(運賃マスター!$E$5:$E$14>=_xlpm.d)*1,0)),運賃マスター!$F$5),運賃マスター!$F$17+CEILING((_xlpm.d-100)/10,1)*運賃マスター!$F$16),IF(_xlpm.vt="1t",IF(_xlpm.d<=100,IFERROR(INDEX(運賃マスター!$J$5:$J$14,MATCH(1,(運賃マスター!$I$5:$I$14>=_xlpm.d)*1,0)),運賃マスター!$J$5),運賃マスター!$J$17+CEILING((_xlpm.d-100)/10,1)*運賃マスター!$J$16),IF(_xlpm.vt="軽",IF(_xlpm.d<=50,IFERROR(INDEX(運賃マスター!$N$5:$N$14,MATCH(1,(運賃マスター!$M$5:$M$14>=_xlpm.d)*1,0)),運賃マスター!$N$5),IF(_xlpm.d<=100,運賃マスター!$N$15+(_xlpm.d-50)*運賃マスター!$N$16,運賃マスター!$N$17+(_xlpm.d-100)*運賃マスター!$N$18)),IF(_xlpm.vt="3tPG",IF(_xlpm.d<=100,IFERROR(INDEX(運賃マスター!$R$5:$R$14,MATCH(1,(運賃マスター!$Q$5:$Q$14>=_xlpm.d)*1,0)),運賃マスター!$R$5),運賃マスター!$R$17+CEILING((_xlpm.d-100)/10,1)*運賃マスター!$R$16),"")))))),""))}
A8: =IF(B8="","",COUNTA($B$6:B8)) | K8: {=IF(OR(H8="",L8=""),"",IFERROR(_xlfn.LET(_xlpm.vt,VLOOKUP(IFERROR(VALUE(LEFT(H8,FIND("＊",H8&"＊")-1)),H8),運賃マスター!$A$22:$B$40,2,FALSE),_xlpm.d,L8,IF(OR(_xlpm.vt="2t",_xlpm.vt="2tユニック",_xlpm.vt="2ｔユニック"),IF(_xlpm.d<=100,IFERROR(INDEX(運賃マスター!$B$5:$B$14,MATCH(1,(運賃マスター!$A$5:$A$14>=_xlpm.d)*1,0)),運賃マスター!$B$5),運賃マスター!$B$17+CEILING((_xlpm.d-100)/10,1)*運賃マスター!$B$16),IF(OR(_xlpm.vt="3t",_xlpm.vt="3tユニック",_xlpm.vt="3ｔユニック"),IF(_xlpm.d<=100,IFERROR(INDEX(運賃マスター!$F$5:$F$14,MATCH(1,(運賃マスター!$E$5:$E$14>=_xlpm.d)*1,0)),運賃マスター!$F$5),運賃マスター!$F$17+CEILING((_xlpm.d-100)/10,1)*運賃マスター!$F$16),IF(_xlpm.vt="1t",IF(_xlpm.d<=100,IFERROR(INDEX(運賃マスター!$J$5:$J$14,MATCH(1,(運賃マスター!$I$5:$I$14>=_xlpm.d)*1,0)),運賃マスター!$J$5),運賃マスター!$J$17+CEILING((_xlpm.d-100)/10,1)*運賃マスター!$J$16),IF(_xlpm.vt="軽",IF(_xlpm.d<=50,IFERROR(INDEX(運賃マスター!$N$5:$N$14,MATCH(1,(運賃マスター!$M$5:$M$14>=_xlpm.d)*1,0)),運賃マスター!$N$5),IF(_xlpm.d<=100,運賃マスター!$N$15+(_xlpm.d-50)*運賃マスター!$N$16,運賃マスター!$N$17+(_xlpm.d-100)*運賃マスター!$N$18)),IF(_xlpm.vt="3tPG",IF(_xlpm.d<=100,IFERROR(INDEX(運賃マスター!$R$5:$R$14,MATCH(1,(運賃マスター!$Q$5:$Q$14>=_xlpm.d)*1,0)),運賃マスター!$R$5),運賃マスター!$R$17+CEILING((_xlpm.d-100)/10,1)*運賃マスター!$R$16),"")))))),""))}
A9: =IF(B9="","",COUNTA($B$6:B9)) | K9: {=IF(OR(H9="",L9=""),"",IFERROR(_xlfn.LET(_xlpm.vt,VLOOKUP(IFERROR(VALUE(LEFT(H9,FIND("＊",H9&"＊")-1)),H9),運賃マスター!$A$22:$B$40,2,FALSE),_xlpm.d,L9,IF(OR(_xlpm.vt="2t",_xlpm.vt="2tユニック",_xlpm.vt="2ｔユニック"),IF(_xlpm.d<=100,IFERROR(INDEX(運賃マスター!$B$5:$B$14,MATCH(1,(運賃マスター!$A$5:$A$14>=_xlpm.d)*1,0)),運賃マスター!$B$5),運賃マスター!$B$17+CEILING((_xlpm.d-100)/10,1)*運賃マスター!$B$16),IF(OR(_xlpm.vt="3t",_xlpm.vt="3tユニック",_xlpm.vt="3ｔユニック"),IF(_xlpm.d<=100,IFERROR(INDEX(運賃マスター!$F$5:$F$14,MATCH(1,(運賃マスター!$E$5:$E$14>=_xlpm.d)*1,0)),運賃マスター!$F$5),運賃マスター!$F$17+CEILING((_xlpm.d-100)/10,1)*運賃マスター!$F$16),IF(_xlpm.vt="1t",IF(_xlpm.d<=100,IFERROR(INDEX(運賃マスター!$J$5:$J$14,MATCH(1,(運賃マスター!$I$5:$I$14>=_xlpm.d)*1,0)),運賃マスター!$J$5),運賃マスター!$J$17+CEILING((_xlpm.d-100)/10,1)*運賃マスター!$J$16),IF(_xlpm.vt="軽",IF(_xlpm.d<=50,IFERROR(INDEX(運賃マスター!$N$5:$N$14,MATCH(1,(運賃マスター!$M$5:$M$14>=_xlpm.d)*1,0)),運賃マスター!$N$5),IF(_xlpm.d<=100,運賃マスター!$N$15+(_xlpm.d-50)*運賃マスター!$N$16,運賃マスター!$N$17+(_xlpm.d-100)*運賃マスター!$N$18)),IF(_xlpm.vt="3tPG",IF(_xlpm.d<=100,IFERROR(INDEX(運賃マスター!$R$5:$R$14,MATCH(1,(運賃マスター!$Q$5:$Q$14>=_xlpm.d)*1,0)),運賃マスター!$R$5),運賃マスター!$R$17+CEILING((_xlpm.d-100)/10,1)*運賃マスター!$R$16),"")))))),""))}
A10: =IF(B10="","",COUNTA($B$6:B10)) | K10: {=IF(OR(H10="",L10=""),"",IFERROR(_xlfn.LET(_xlpm.vt,VLOOKUP(IFERROR(VALUE(LEFT(H10,FIND("＊",H10&"＊")-1)),H10),運賃マスター!$A$22:$B$40,2,FALSE),_xlpm.d,L10,IF(OR(_xlpm.vt="2t",_xlpm.vt="2tユニック",_xlpm.vt="2ｔユニック"),IF(_xlpm.d<=100,IFERROR(INDEX(運賃マスター!$B$5:$B$14,MATCH(1,(運賃マスター!$A$5:$A$14>=_xlpm.d)*1,0)),運賃マスター!$B$5),運賃マスター!$B$17+CEILING((_xlpm.d-100)/10,1)*運賃マスター!$B$16),IF(OR(_xlpm.vt="3t",_xlpm.vt="3tユニック",_xlpm.vt="3ｔユニック"),IF(_xlpm.d<=100,IFERROR(INDEX(運賃マスター!$F$5:$F$14,MATCH(1,(運賃マスター!$E$5:$E$14>=_xlpm.d)*1,0)),運賃マスター!$F$5),運賃マスター!$F$17+CEILING((_xlpm.d-100)/10,1)*運賃マスター!$F$16),IF(_xlpm.vt="1t",IF(_xlpm.d<=100,IFERROR(INDEX(運賃マスター!$J$5:$J$14,MATCH(1,(運賃マスター!$I$5:$I$14>=_xlpm.d)*1,0)),運賃マスター!$J$5),運賃マスター!$J$17+CEILING((_xlpm.d-100)/10,1)*運賃マスター!$J$16),IF(_xlpm.vt="軽",IF(_xlpm.d<=50,IFERROR(INDEX(運賃マスター!$N$5:$N$14,MATCH(1,(運賃マスター!$M$5:$M$14>=_xlpm.d)*1,0)),運賃マスター!$N$5),IF(_xlpm.d<=100,運賃マスター!$N$15+(_xlpm.d-50)*運賃マスター!$N$16,運賃マスター!$N$17+(_xlpm.d-100)*運賃マスター!$N$18)),IF(_xlpm.vt="3tPG",IF(_xlpm.d<=100,IFERROR(INDEX(運賃マスター!$R$5:$R$14,MATCH(1,(運賃マスター!$Q$5:$Q$14>=_xlpm.d)*1,0)),運賃マスター!$R$5),運賃マスター!$R$17+CEILING((_xlpm.d-100)/10,1)*運賃マスター!$R$16),"")))))),""))}
A11: =IF(B11="","",COUNTA($B$6:B11)) | K11: {=IF(OR(H11="",L11=""),"",IFERROR(_xlfn.LET(_xlpm.vt,VLOOKUP(IFERROR(VALUE(LEFT(H11,FIND("＊",H11&"＊")-1)),H11),運賃マスター!$A$22:$B$40,2,FALSE),_xlpm.d,L11,IF(OR(_xlpm.vt="2t",_xlpm.vt="2tユニック",_xlpm.vt="2ｔユニック"),IF(_xlpm.d<=100,IFERROR(INDEX(運賃マスター!$B$5:$B$14,MATCH(1,(運賃マスター!$A$5:$A$14>=_xlpm.d)*1,0)),運賃マスター!$B$5),運賃マスター!$B$17+CEILING((_xlpm.d-100)/10,1)*運賃マスター!$B$16),IF(OR(_xlpm.vt="3t",_xlpm.vt="3tユニック",_xlpm.vt="3ｔユニック"),IF(_xlpm.d<=100,IFERROR(INDEX(運賃マスター!$F$5:$F$14,MATCH(1,(運賃マスター!$E$5:$E$14>=_xlpm.d)*1,0)),運賃マスター!$F$5),運賃マスター!$F$17+CEILING((_xlpm.d-100)/10,1)*運賃マスター!$F$16),IF(_xlpm.vt="1t",IF(_xlpm.d<=100,IFERROR(INDEX(運賃マスター!$J$5:$J$14,MATCH(1,(運賃マスター!$I$5:$I$14>=_xlpm.d)*1,0)),運賃マスター!$J$5),運賃マスター!$J$17+CEILING((_xlpm.d-100)/10,1)*運賃マスター!$J$16),IF(_xlpm.vt="軽",IF(_xlpm.d<=50,IFERROR(INDEX(運賃マスター!$N$5:$N$14,MATCH(1,(運賃マスター!$M$5:$M$14>=_xlpm.d)*1,0)),運賃マスター!$N$5),IF(_xlpm.d<=100,運賃マスター!$N$15+(_xlpm.d-50)*運賃マスター!$N$16,運賃マスター!$N$17+(_xlpm.d-100)*運賃マスター!$N$18)),IF(_xlpm.vt="3tPG",IF(_xlpm.d<=100,IFERROR(INDEX(運賃マスター!$R$5:$R$14,MATCH(1,(運賃マスター!$Q$5:$Q$14>=_xlpm.d)*1,0)),運賃マスター!$R$5),運賃マスター!$R$17+CEILING((_xlpm.d-100)/10,1)*運賃マスター!$R$16),"")))))),""))}
A12: =IF(B12="","",COUNTA($B$6:B12)) | K12: {=IF(OR(H12="",L12=""),"",IFERROR(_xlfn.LET(_xlpm.vt,VLOOKUP(IFERROR(VALUE(LEFT(H12,FIND("＊",H12&"＊")-1)),H12),運賃マスター!$A$22:$B$40,2,FALSE),_xlpm.d,L12,IF(OR(_xlpm.vt="2t",_xlpm.vt="2tユニック",_xlpm.vt="2ｔユニック"),IF(_xlpm.d<=100,IFERROR(INDEX(運賃マスター!$B$5:$B$14,MATCH(1,(運賃マスター!$A$5:$A$14>=_xlpm.d)*1,0)),運賃マスター!$B$5),運賃マスター!$B$17+CEILING((_xlpm.d-100)/10,1)*運賃マスター!$B$16),IF(OR(_xlpm.vt="3t",_xlpm.vt="3tユニック",_xlpm.vt="3ｔユニック"),IF(_xlpm.d<=100,IFERROR(INDEX(運賃マスター!$F$5:$F$14,MATCH(1,(運賃マスター!$E$5:$E$14>=_xlpm.d)*1,0)),運賃マスター!$F$5),運賃マスター!$F$17+CEILING((_xlpm.d-100)/10,1)*運賃マスター!$F$16),IF(_xlpm.vt="1t",IF(_xlpm.d<=100,IFERROR(INDEX(運賃マスター!$J$5:$J$14,MATCH(1,(運賃マスター!$I$5:$I$14>=_xlpm.d)*1,0)),運賃マスター!$J$5),運賃マスター!$J$17+CEILING((_xlpm.d-100)/10,1)*運賃マスター!$J$16),IF(_xlpm.vt="軽",IF(_xlpm.d<=50,IFERROR(INDEX(運賃マスター!$N$5:$N$14,MATCH(1,(運賃マスター!$M$5:$M$14>=_xlpm.d)*1,0)),運賃マスター!$N$5),IF(_xlpm.d<=100,運賃マスター!$N$15+(_xlpm.d-50)*運賃マスター!$N$16,運賃マスター!$N$17+(_xlpm.d-100)*運賃マスター!$N$18)),IF(_xlpm.vt="3tPG",IF(_xlpm.d<=100,IFERROR(INDEX(運賃マスター!$R$5:$R$14,MATCH(1,(運賃マスター!$Q$5:$Q$14>=_xlpm.d)*1,0)),運賃マスター!$R$5),運賃マスター!$R$17+CEILING((_xlpm.d-100)/10,1)*運賃マスター!$R$16),"")))))),""))}
A13: =IF(B13="","",COUNTA($B$6:B13)) | K13: {=IF(OR(H13="",L13=""),"",IFERROR(_xlfn.LET(_xlpm.vt,VLOOKUP(IFERROR(VALUE(LEFT(H13,FIND("＊",H13&"＊")-1)),H13),運賃マスター!$A$22:$B$40,2,FALSE),_xlpm.d,L13,IF(OR(_xlpm.vt="2t",_xlpm.vt="2tユニック",_xlpm.vt="2ｔユニック"),IF(_xlpm.d<=100,IFERROR(INDEX(運賃マスター!$B$5:$B$14,MATCH(1,(運賃マスター!$A$5:$A$14>=_xlpm.d)*1,0)),運賃マスター!$B$5),運賃マスター!$B$17+CEILING((_xlpm.d-100)/10,1)*運賃マスター!$B$16),IF(OR(_xlpm.vt="3t",_xlpm.vt="3tユニック",_xlpm.vt="3ｔユニック"),IF(_xlpm.d<=100,IFERROR(INDEX(運賃マスター!$F$5:$F$14,MATCH(1,(運賃マスター!$E$5:$E$14>=_xlpm.d)*1,0)),運賃マスター!$F$5),運賃マスター!$F$17+CEILING((_xlpm.d-100)/10,1)*運賃マスター!$F$16),IF(_xlpm.vt="1t",IF(_xlpm.d<=100,IFERROR(INDEX(運賃マスター!$J$5:$J$14,MATCH(1,(運賃マスター!$I$5:$I$14>=_xlpm.d)*1,0)),運賃マスター!$J$5),運賃マスター!$J$17+CEILING((_xlpm.d-100)/10,1)*運賃マスター!$J$16),IF(_xlpm.vt="軽",IF(_xlpm.d<=50,IFERROR(INDEX(運賃マスター!$N$5:$N$14,MATCH(1,(運賃マスター!$M$5:$M$14>=_xlpm.d)*1,0)),運賃マスター!$N$5),IF(_xlpm.d<=100,運賃マスター!$N$15+(_xlpm.d-50)*運賃マスター!$N$16,運賃マスター!$N$17+(_xlpm.d-100)*運賃マスター!$N$18)),IF(_xlpm.vt="3tPG",IF(_xlpm.d<=100,IFERROR(INDEX(運賃マスター!$R$5:$R$14,MATCH(1,(運賃マスター!$Q$5:$Q$14>=_xlpm.d)*1,0)),運賃マスター!$R$5),運賃マスター!$R$17+CEILING((_xlpm.d-100)/10,1)*運賃マスター!$R$16),"")))))),""))}
A14: =IF(B14="","",COUNTA($B$6:B14)) | K14: {=IF(OR(H14="",L14=""),"",IFERROR(_xlfn.LET(_xlpm.vt,VLOOKUP(IFERROR(VALUE(LEFT(H14,FIND("＊",H14&"＊")-1)),H14),運賃マスター!$A$22:$B$40,2,FALSE),_xlpm.d,L14,IF(OR(_xlpm.vt="2t",_xlpm.vt="2tユニック",_xlpm.vt="2ｔユニック"),IF(_xlpm.d<=100,IFERROR(INDEX(運賃マスター!$B$5:$B$14,MATCH(1,(運賃マスター!$A$5:$A$14>=_xlpm.d)*1,0)),運賃マスター!$B$5),運賃マスター!$B$17+CEILING((_xlpm.d-100)/10,1)*運賃マスター!$B$16),IF(OR(_xlpm.vt="3t",_xlpm.vt="3tユニック",_xlpm.vt="3ｔユニック"),IF(_xlpm.d<=100,IFERROR(INDEX(運賃マスター!$F$5:$F$14,MATCH(1,(運賃マスター!$E$5:$E$14>=_xlpm.d)*1,0)),運賃マスター!$F$5),運賃マスター!$F$17+CEILING((_xlpm.d-100)/10,1)*運賃マスター!$F$16),IF(_xlpm.vt="1t",IF(_xlpm.d<=100,IFERROR(INDEX(運賃マスター!$J$5:$J$14,MATCH(1,(運賃マスター!$I$5:$I$14>=_xlpm.d)*1,0)),運賃マスター!$J$5),運賃マスター!$J$17+CEILING((_xlpm.d-100)/10,1)*運賃マスター!$J$16),IF(_xlpm.vt="軽",IF(_xlpm.d<=50,IFERROR(INDEX(運賃マスター!$N$5:$N$14,MATCH(1,(運賃マスター!$M$5:$M$14>=_xlpm.d)*1,0)),運賃マスター!$N$5),IF(_xlpm.d<=100,運賃マスター!$N$15+(_xlpm.d-50)*運賃マスター!$N$16,運賃マスター!$N$17+(_xlpm.d-100)*運賃マスター!$N$18)),IF(_xlpm.vt="3tPG",IF(_xlpm.d<=100,IFERROR(INDEX(運賃マスター!$R$5:$R$14,MATCH(1,(運賃マスター!$Q$5:$Q$14>=_xlpm.d)*1,0)),運賃マスター!$R$5),運賃マスター!$R$17+CEILING((_xlpm.d-100)/10,1)*運賃マスター!$R$16),"")))))),""))}
A15: =IF(B15="","",COUNTA($B$6:B15)) | K15: {=IF(OR(H15="",L15=""),"",IFERROR(_xlfn.LET(_xlpm.vt,VLOOKUP(IFERROR(VALUE(LEFT(H15,FIND("＊",H15&"＊")-1)),H15),運賃マスター!$A$22:$B$40,2,FALSE),_xlpm.d,L15,IF(OR(_xlpm.vt="2t",_xlpm.vt="2tユニック",_xlpm.vt="2ｔユニック"),IF(_xlpm.d<=100,IFERROR(INDEX(運賃マスター!$B$5:$B$14,MATCH(1,(運賃マスター!$A$5:$A$14>=_xlpm.d)*1,0)),運賃マスター!$B$5),運賃マスター!$B$17+CEILING((_xlpm.d-100)/10,1)*運賃マスター!$B$16),IF(OR(_xlpm.vt="3t",_xlpm.vt="3tユニック",_xlpm.vt="3ｔユニック"),IF(_xlpm.d<=100,IFERROR(INDEX(運賃マスター!$F$5:$F$14,MATCH(1,(運賃マスター!$E$5:$E$14>=_xlpm.d)*1,0)),運賃マスター!$F$5),運賃マスター!$F$17+CEILING((_xlpm.d-100)/10,1)*運賃マスター!$F$16),IF(_xlpm.vt="1t",IF(_xlpm.d<=100,IFERROR(INDEX(運賃マスター!$J$5:$J$14,MATCH(1,(運賃マスター!$I$5:$I$14>=_xlpm.d)*1,0)),運賃マスター!$J$5),運賃マスター!$J$17+CEILING((_xlpm.d-100)/10,1)*運賃マスター!$J$16),IF(_xlpm.vt="軽",IF(_xlpm.d<=50,IFERROR(INDEX(運賃マスター!$N$5:$N$14,MATCH(1,(運賃マスター!$M$5:$M$14>=_xlpm.d)*1,0)),運賃マスター!$N$5),IF(_xlpm.d<=100,運賃マスター!$N$15+(_xlpm.d-50)*運賃マスター!$N$16,運賃マスター!$N$17+(_xlpm.d-100)*運賃マスター!$N$18)),IF(_xlpm.vt="3tPG",IF(_xlpm.d<=100,IFERROR(INDEX(運賃マスター!$R$5:$R$14,MATCH(1,(運賃マスター!$Q$5:$Q$14>=_xlpm.d)*1,0)),運賃マスター!$R$5),運賃マスター!$R$17+CEILING((_xlpm.d-100)/10,1)*運賃マスター!$R$16),"")))))),""))}
A16: =IF(B16="","",COUNTA($B$6:B16)) | K16: {=IF(OR(H16="",L16=""),"",IFERROR(_xlfn.LET(_xlpm.vt,VLOOKUP(IFERROR(VALUE(LEFT(H16,FIND("＊",H16&"＊")-1)),H16),運賃マスター!$A$22:$B$40,2,FALSE),_xlpm.d,L16,IF(OR(_xlpm.vt="2t",_xlpm.vt="2tユニック",_xlpm.vt="2ｔユニック"),IF(_xlpm.d<=100,IFERROR(INDEX(運賃マスター!$B$5:$B$14,MATCH(1,(運賃マスター!$A$5:$A$14>=_xlpm.d)*1,0)),運賃マスター!$B$5),運賃マスター!$B$17+CEILING((_xlpm.d-100)/10,1)*運賃マスター!$B$16),IF(OR(_xlpm.vt="3t",_xlpm.vt="3tユニック",_xlpm.vt="3ｔユニック"),IF(_xlpm.d<=100,IFERROR(INDEX(運賃マスター!$F$5:$F$14,MATCH(1,(運賃マスター!$E$5:$E$14>=_xlpm.d)*1,0)),運賃マスター!$F$5),運賃マスター!$F$17+CEILING((_xlpm.d-100)/10,1)*運賃マスター!$F$16),IF(_xlpm.vt="1t",IF(_xlpm.d<=100,IFERROR(INDEX(運賃マスター!$J$5:$J$14,MATCH(1,(運賃マスター!$I$5:$I$14>=_xlpm.d)*1,0)),運賃マスター!$J$5),運賃マスター!$J$17+CEILING((_xlpm.d-100)/10,1)*運賃マスター!$J$16),IF(_xlpm.vt="軽",IF(_xlpm.d<=50,IFERROR(INDEX(運賃マスター!$N$5:$N$14,MATCH(1,(運賃マスター!$M$5:$M$14>=_xlpm.d)*1,0)),運賃マスター!$N$5),IF(_xlpm.d<=100,運賃マスター!$N$15+(_xlpm.d-50)*運賃マスター!$N$16,運賃マスター!$N$17+(_xlpm.d-100)*運賃マスター!$N$18)),IF(_xlpm.vt="3tPG",IF(_xlpm.d<=100,IFERROR(INDEX(運賃マスター!$R$5:$R$14,MATCH(1,(運賃マスター!$Q$5:$Q$14>=_xlpm.d)*1,0)),運賃マスター!$R$5),運賃マスター!$R$17+CEILING((_xlpm.d-100)/10,1)*運賃マスター!$R$16),"")))))),""))}
A17: =IF(B17="","",COUNTA($B$6:B17)) | K17: {=IF(OR(H17="",L17=""),"",IFERROR(_xlfn.LET(_xlpm.vt,VLOOKUP(IFERROR(VALUE(LEFT(H17,FIND("＊",H17&"＊")-1)),H17),運賃マスター!$A$22:$B$40,2,FALSE),_xlpm.d,L17,IF(OR(_xlpm.vt="2t",_xlpm.vt="2tユニック",_xlpm.vt="2ｔユニック"),IF(_xlpm.d<=100,IFERROR(INDEX(運賃マスター!$B$5:$B$14,MATCH(1,(運賃マスター!$A$5:$A$14>=_xlpm.d)*1,0)),運賃マスター!$B$5),運賃マスター!$B$17+CEILING((_xlpm.d-100)/10,1)*運賃マスター!$B$16),IF(OR(_xlpm.vt="3t",_xlpm.vt="3tユニック",_xlpm.vt="3ｔユニック"),IF(_xlpm.d<=100,IFERROR(INDEX(運賃マスター!$F$5:$F$14,MATCH(1,(運賃マスター!$E$5:$E$14>=_xlpm.d)*1,0)),運賃マスター!$F$5),運賃マスター!$F$17+CEILING((_xlpm.d-100)/10,1)*運賃マスター!$F$16),IF(_xlpm.vt="1t",IF(_xlpm.d<=100,IFERROR(INDEX(運賃マスター!$J$5:$J$14,MATCH(1,(運賃マスター!$I$5:$I$14>=_xlpm.d)*1,0)),運賃マスター!$J$5),運賃マスター!$J$17+CEILING((_xlpm.d-100)/10,1)*運賃マスター!$J$16),IF(_xlpm.vt="軽",IF(_xlpm.d<=50,IFERROR(INDEX(運賃マスター!$N$5:$N$14,MATCH(1,(運賃マスター!$M$5:$M$14>=_xlpm.d)*1,0)),運賃マスター!$N$5),IF(_xlpm.d<=100,運賃マスター!$N$15+(_xlpm.d-50)*運賃マスター!$N$16,運賃マスター!$N$17+(_xlpm.d-100)*運賃マスター!$N$18)),IF(_xlpm.vt="3tPG",IF(_xlpm.d<=100,IFERROR(INDEX(運賃マスター!$R$5:$R$14,MATCH(1,(運賃マスター!$Q$5:$Q$14>=_xlpm.d)*1,0)),運賃マスター!$R$5),運賃マスター!$R$17+CEILING((_xlpm.d-100)/10,1)*運賃マスター!$R$16),"")))))),""))}
A18: =IF(B18="","",COUNTA($B$6:B18)) | K18: {=IF(OR(H18="",L18=""),"",IFERROR(_xlfn.LET(_xlpm.vt,VLOOKUP(IFERROR(VALUE(LEFT(H18,FIND("＊",H18&"＊")-1)),H18),運賃マスター!$A$22:$B$40,2,FALSE),_xlpm.d,L18,IF(OR(_xlpm.vt="2t",_xlpm.vt="2tユニック",_xlpm.vt="2ｔユニック"),IF(_xlpm.d<=100,IFERROR(INDEX(運賃マスター!$B$5:$B$14,MATCH(1,(運賃マスター!$A$5:$A$14>=_xlpm.d)*1,0)),運賃マスター!$B$5),運賃マスター!$B$17+CEILING((_xlpm.d-100)/10,1)*運賃マスター!$B$16),IF(OR(_xlpm.vt="3t",_xlpm.vt="3tユニック",_xlpm.vt="3ｔユニック"),IF(_xlpm.d<=100,IFERROR(INDEX(運賃マスター!$F$5:$F$14,MATCH(1,(運賃マスター!$E$5:$E$14>=_xlpm.d)*1,0)),運賃マスター!$F$5),運賃マスター!$F$17+CEILING((_xlpm.d-100)/10,1)*運賃マスター!$F$16),IF(_xlpm.vt="1t",IF(_xlpm.d<=100,IFERROR(INDEX(運賃マスター!$J$5:$J$14,MATCH(1,(運賃マスター!$I$5:$I$14>=_xlpm.d)*1,0)),運賃マスター!$J$5),運賃マスター!$J$17+CEILING((_xlpm.d-100)/10,1)*運賃マスター!$J$16),IF(_xlpm.vt="軽",IF(_xlpm.d<=50,IFERROR(INDEX(運賃マスター!$N$5:$N$14,MATCH(1,(運賃マスター!$M$5:$M$14>=_xlpm.d)*1,0)),運賃マスター!$N$5),IF(_xlpm.d<=100,運賃マスター!$N$15+(_xlpm.d-50)*運賃マスター!$N$16,運賃マスター!$N$17+(_xlpm.d-100)*運賃マスター!$N$18)),IF(_xlpm.vt="3tPG",IF(_xlpm.d<=100,IFERROR(INDEX(運賃マスター!$R$5:$R$14,MATCH(1,(運賃マスター!$Q$5:$Q$14>=_xlpm.d)*1,0)),運賃マスター!$R$5),運賃マスター!$R$17+CEILING((_xlpm.d-100)/10,1)*運賃マスター!$R$16),"")))))),""))}
... A31: =IF(B31="","",COUNTA($B$6:B31)) | K31: {=IF(OR(H31="",L31=""),"",IFERROR(_xlfn.LET(_xlpm.vt,VLOOKUP(IFERROR(VALUE(LEFT(H31,FIND("＊",H31&"＊")-1)),H31),運賃マスター!$A$22:$B$40,2,FALSE),_xlpm.d,L31,IF(OR(_xlpm.vt="2t",_xlpm.vt="2tユニック",_xlpm.vt="2ｔユニック"),IF(_xlpm.d<=100,IFERROR(INDEX(運賃マスター!$B$5:$B$14,MATCH(1,(運賃マスター!$A$5:$A$14>=_xlpm.d)*1,0)),運賃マスター!$B$5),運賃マスター!$B$17+CEILING((_xlpm.d-100)/10,1)*運賃マスター!$B$16),IF(OR(_xlpm.vt="3t",_xlpm.vt="3tユニック",_xlpm.vt="3ｔユニック"),IF(_xlpm.d<=100,IFERROR(INDEX(運賃マスター!$F$5:$F$14,MATCH(1,(運賃マスター!$E$5:$E$14>=_xlpm.d)*1,0)),運賃マスター!$F$5),運賃マスター!$F$17+CEILING((_xlpm.d-100)/10,1)*運賃マスター!$F$16),IF(_xlpm.vt="1t",IF(_xlpm.d<=100,IFERROR(INDEX(運賃マスター!$J$5:$J$14,MATCH(1,(運賃マスター!$I$5:$I$14>=_xlpm.d)*1,0)),運賃マスター!$J$5),運賃マスター!$J$17+CEILING((_xlpm.d-100)/10,1)*運賃マスター!$J$16),IF(_xlpm.vt="軽",IF(_xlpm.d<=50,IFERROR(INDEX(運賃マスター!$N$5:$N$14,MATCH(1,(運賃マスター!$M$5:$M$14>=_xlpm.d)*1,0)),運賃マスター!$N$5),IF(_xlpm.d<=100,運賃マスター!$N$15+(_xlpm.d-50)*運賃マスター!$N$16,運賃マスター!$N$17+(_xlpm.d-100)*運賃マスター!$N$18)),IF(_xlpm.vt="3tPG",IF(_xlpm.d<=100,IFERROR(INDEX(運賃マスター!$R$5:$R$14,MATCH(1,(運賃マスター!$Q$5:$Q$14>=_xlpm.d)*1,0)),運賃マスター!$R$5),運賃マスター!$R$17+CEILING((_xlpm.d-100)/10,1)*運賃マスター!$R$16),"")))))),""))}
K32: {=IF(OR(H32="",L32=""),"",IFERROR(_xlfn.LET(_xlpm.vt,VLOOKUP(IFERROR(VALUE(LEFT(H32,FIND("＊",H32&"＊")-1)),H32),運賃マスター!$A$22:$B$40,2,FALSE),_xlpm.d,L32,IF(OR(_xlpm.vt="2t",_xlpm.vt="2tユニック",_xlpm.vt="2ｔユニック"),IF(_xlpm.d<=100,IFERROR(INDEX(運賃マスター!$B$5:$B$14,MATCH(1,(運賃マスター!$A$5:$A$14>=_xlpm.d)*1,0)),運賃マスター!$B$5),運賃マスター!$B$17+CEILING((_xlpm.d-100)/10,1)*運賃マスター!$B$16),IF(OR(_xlpm.vt="3t",_xlpm.vt="3tユニック",_xlpm.vt="3ｔユニック"),IF(_xlpm.d<=100,IFERROR(INDEX(運賃マスター!$F$5:$F$14,MATCH(1,(運賃マスター!$E$5:$E$14>=_xlpm.d)*1,0)),運賃マスター!$F$5),運賃マスター!$F$17+CEILING((_xlpm.d-100)/10,1)*運賃マスター!$F$16),IF(_xlpm.vt="1t",IF(_xlpm.d<=100,IFERROR(INDEX(運賃マスター!$J$5:$J$14,MATCH(1,(運賃マスター!$I$5:$I$14>=_xlpm.d)*1,0)),運賃マスター!$J$5),運賃マスター!$J$17+CEILING((_xlpm.d-100)/10,1)*運賃マスター!$J$16),IF(_xlpm.vt="軽",IF(_xlpm.d<=50,IFERROR(INDEX(運賃マスター!$N$5:$N$14,MATCH(1,(運賃マスター!$M$5:$M$14>=_xlpm.d)*1,0)),運賃マスター!$N$5),IF(_xlpm.d<=100,運賃マスター!$N$15+(_xlpm.d-50)*運賃マスター!$N$16,運賃マスター!$N$17+(_xlpm.d-100)*運賃マスター!$N$18)),IF(_xlpm.vt="3tPG",IF(_xlpm.d<=100,IFERROR(INDEX(運賃マスター!$R$5:$R$14,MATCH(1,(運賃マスター!$Q$5:$Q$14>=_xlpm.d)*1,0)),運賃マスター!$R$5),運賃マスター!$R$17+CEILING((_xlpm.d-100)/10,1)*運賃マスター!$R$16),"")))))),""))}
K33: {=IF(OR(H33="",L33=""),"",IFERROR(_xlfn.LET(_xlpm.vt,VLOOKUP(IFERROR(VALUE(LEFT(H33,FIND("＊",H33&"＊")-1)),H33),運賃マスター!$A$22:$B$40,2,FALSE),_xlpm.d,L33,IF(OR(_xlpm.vt="2t",_xlpm.vt="2tユニック",_xlpm.vt="2ｔユニック"),IF(_xlpm.d<=100,IFERROR(INDEX(運賃マスター!$B$5:$B$14,MATCH(1,(運賃マスター!$A$5:$A$14>=_xlpm.d)*1,0)),運賃マスター!$B$5),運賃マスター!$B$17+CEILING((_xlpm.d-100)/10,1)*運賃マスター!$B$16),IF(OR(_xlpm.vt="3t",_xlpm.vt="3tユニック",_xlpm.vt="3ｔユニック"),IF(_xlpm.d<=100,IFERROR(INDEX(運賃マスター!$F$5:$F$14,MATCH(1,(運賃マスター!$E$5:$E$14>=_xlpm.d)*1,0)),運賃マスター!$F$5),運賃マスター!$F$17+CEILING((_xlpm.d-100)/10,1)*運賃マスター!$F$16),IF(_xlpm.vt="1t",IF(_xlpm.d<=100,IFERROR(INDEX(運賃マスター!$J$5:$J$14,MATCH(1,(運賃マスター!$I$5:$I$14>=_xlpm.d)*1,0)),運賃マスター!$J$5),運賃マスター!$J$17+CEILING((_xlpm.d-100)/10,1)*運賃マスター!$J$16),IF(_xlpm.vt="軽",IF(_xlpm.d<=50,IFERROR(INDEX(運賃マスター!$N$5:$N$14,MATCH(1,(運賃マスター!$M$5:$M$14>=_xlpm.d)*1,0)),運賃マスター!$N$5),IF(_xlpm.d<=100,運賃マスター!$N$15+(_xlpm.d-50)*運賃マスター!$N$16,運賃マスター!$N$17+(_xlpm.d-100)*運賃マスター!$N$18)),IF(_xlpm.vt="3tPG",IF(_xlpm.d<=100,IFERROR(INDEX(運賃マスター!$R$5:$R$14,MATCH(1,(運賃マスター!$Q$5:$Q$14>=_xlpm.d)*1,0)),運賃マスター!$R$5),運賃マスター!$R$17+CEILING((_xlpm.d-100)/10,1)*運賃マスター!$R$16),"")))))),""))}
D34: 現在待機場所 | E34: 待機予定場所 | H34: 目標距離 | K34: {=IF(OR(H34="",L34=""),"",IFERROR(_xlfn.LET(_xlpm.vt,VLOOKUP(IFERROR(VALUE(LEFT(H34,FIND("＊",H34&"＊")-1)),H34),運賃マスター!$A$22:$B$40,2,FALSE),_xlpm.d,L34,IF(OR(_xlpm.vt="2t",_xlpm.vt="2tユニック",_xlpm.vt="2ｔユニック"),IF(_xlpm.d<=100,IFERROR(INDEX(運賃マスター!$B$5:$B$14,MATCH(1,(運賃マスター!$A$5:$A$14>=_xlpm.d)*1,0)),運賃マスター!$B$5),運賃マスター!$B$17+CEILING((_xlpm.d-100)/10,1)*運賃マスター!$B$16),IF(OR(_xlpm.vt="3t",_xlpm.vt="3tユニック",_xlpm.vt="3ｔユニック"),IF(_xlpm.d<=100,IFERROR(INDEX(運賃マスター!$F$5:$F$14,MATCH(1,(運賃マスター!$E$5:$E$14>=_xlpm.d)*1,0)),運賃マスター!$F$5),運賃マスター!$F$17+CEILING((_xlpm.d-100)/10,1)*運賃マスター!$F$16),IF(_xlpm.vt="1t",IF(_xlpm.d<=100,IFERROR(INDEX(運賃マスター!$J$5:$J$14,MATCH(1,(運賃マスター!$I$5:$I$14>=_xlpm.d)*1,0)),運賃マスター!$J$5),運賃マスター!$J$17+CEILING((_xlpm.d-100)/10,1)*運賃マスター!$J$16),IF(_xlpm.vt="軽",IF(_xlpm.d<=50,IFERROR(INDEX(運賃マスター!$N$5:$N$14,MATCH(1,(運賃マスター!$M$5:$M$14>=_xlpm.d)*1,0)),運賃マスター!$N$5),IF(_xlpm.d<=100,運賃マスター!$N$15+(_xlpm.d-50)*運賃マスター!$N$16,運賃マスター!$N$17+(_xlpm.d-100)*運賃マスター!$N$18)),IF(_xlpm.vt="3tPG",IF(_xlpm.d<=100,IFERROR(INDEX(運賃マスター!$R$5:$R$14,MATCH(1,(運賃マスター!$Q$5:$Q$14>=_xlpm.d)*1,0)),運賃マスター!$R$5),運賃マスター!$R$17+CEILING((_xlpm.d-100)/10,1)*運賃マスター!$R$16),"")))))),""))}
B35: 2(255) | C35: 山岸
B36: 8(254) | C36: 砂川 | H36: 残距離 | K36: {=IF(OR(H36="",L36=""),"",IFERROR(_xlfn.LET(_xlpm.vt,VLOOKUP(IFERROR(VALUE(LEFT(H36,FIND("＊",H36&"＊")-1)),H36),運賃マスター!$A$22:$B$40,2,FALSE),_xlpm.d,L36,IF(OR(_xlpm.vt="2t",_xlpm.vt="2tユニック",_xlpm.vt="2ｔユニック"),IF(_xlpm.d<=100,IFERROR(INDEX(運賃マスター!$B$5:$B$14,MATCH(1,(運賃マスター!$A$5:$A$14>=_xlpm.d)*1,0)),運賃マスター!$B$5),運賃マスター!$B$17+CEILING((_xlpm.d-100)/10,1)*運賃マスター!$B$16),IF(OR(_xlpm.vt="3t",_xlpm.vt="3tユニック",_xlpm.vt="3ｔユニック"),IF(_xlpm.d<=100,IFERROR(INDEX(運賃マスター!$F$5:$F$14,MATCH(1,(運賃マスター!$E$5:$E$14>=_xlpm.d)*1,0)),運賃マスター!$F$5),運賃マスター!$F$17+CEILING((_xlpm.d-100)/10,1)*運賃マスター!$F$16),IF(_xlpm.vt="1t",IF(_xlpm.d<=100,IFERROR(INDEX(運賃マスター!$J$5:$J$14,MATCH(1,(運賃マスター!$I$5:$I$14>=_xlpm.d)*1,0)),運賃マスター!$J$5),運賃マスター!$J$17+CEILING((_xlpm.d-100)/10,1)*運賃マスター!$J$16),IF(_xlpm.vt="軽",IF(_xlpm.d<=50,IFERROR(INDEX(運賃マスター!$N$5:$N$14,MATCH(1,(運賃マスター!$M$5:$M$14>=_xlpm.d)*1,0)),運賃マスター!$N$5),IF(_xlpm.d<=100,運賃マスター!$N$15+(_xlpm.d-50)*運賃マスター!$N$16,運賃マスター!$N$17+(_xlpm.d-100)*運賃マスター!$N$18)),IF(_xlpm.vt="3tPG",IF(_xlpm.d<=100,IFERROR(INDEX(運賃マスター!$R$5:$R$14,MATCH(1,(運賃マスター!$Q$5:$Q$14>=_xlpm.d)*1,0)),運賃マスター!$R$5),運賃マスター!$R$17+CEILING((_xlpm.d-100)/10,1)*運賃マスター!$R$16),"")))))),""))}
B37: 9(256) | C37: 前川
B38: 10(257) | K38: {=IF(OR(H38="",L38=""),"",IFERROR(_xlfn.LET(_xlpm.vt,VLOOKUP(IFERROR(VALUE(LEFT(H38,FIND("＊",H38&"＊")-1)),H38),運賃マスター!$A$22:$B$40,2,FALSE),_xlpm.d,L38,IF(OR(_xlpm.vt="2t",_xlpm.vt="2tユニック",_xlpm.vt="2ｔユニック"),IF(_xlpm.d<=100,IFERROR(INDEX(運賃マスター!$B$5:$B$14,MATCH(1,(運賃マスター!$A$5:$A$14>=_xlpm.d)*1,0)),運賃マスター!$B$5),運賃マスター!$B$17+CEILING((_xlpm.d-100)/10,1)*運賃マスター!$B$16),IF(OR(_xlpm.vt="3t",_xlpm.vt="3tユニック",_xlpm.vt="3ｔユニック"),IF(_xlpm.d<=100,IFERROR(INDEX(運賃マスター!$F$5:$F$14,MATCH(1,(運賃マスター!$E$5:$E$14>=_xlpm.d)*1,0)),運賃マスター!$F$5),運賃マスター!$F$17+CEILING((_xlpm.d-100)/10,1)*運賃マスター!$F$16),IF(_xlpm.vt="1t",IF(_xlpm.d<=100,IFERROR(INDEX(運賃マスター!$J$5:$J$14,MATCH(1,(運賃マスター!$I$5:$I$14>=_xlpm.d)*1,0)),運賃マスター!$J$5),運賃マスター!$J$17+CEILING((_xlpm.d-100)/10,1)*運賃マスター!$J$16),IF(_xlpm.vt="軽",IF(_xlpm.d<=50,IFERROR(INDEX(運賃マスター!$N$5:$N$14,MATCH(1,(運賃マスター!$M$5:$M$14>=_xlpm.d)*1,0)),運賃マスター!$N$5),IF(_xlpm.d<=100,運賃マスター!$N$15+(_xlpm.d-50)*運賃マスター!$N$16,運賃マスター!$N$17+(_xlpm.d-100)*運賃マスター!$N$18)),IF(_xlpm.vt="3tPG",IF(_xlpm.d<=100,IFERROR(INDEX(運賃マスター!$R$5:$R$14,MATCH(1,(運賃マスター!$Q$5:$Q$14>=_xlpm.d)*1,0)),運賃マスター!$R$5),運賃マスター!$R$17+CEILING((_xlpm.d-100)/10,1)*運賃マスター!$R$16),"")))))),""))}
B39: 11(258) | C39: 郡司 | H39: 依頼件数 | K39: {=IF(OR(H39="",L39=""),"",IFERROR(_xlfn.LET(_xlpm.vt,VLOOKUP(IFERROR(VALUE(LEFT(H39,FIND("＊",H39&"＊")-1)),H39),運賃マスター!$A$22:$B$40,2,FALSE),_xlpm.d,L39,IF(OR(_xlpm.vt="2t",_xlpm.vt="2tユニック",_xlpm.vt="2ｔユニック"),IF(_xlpm.d<=100,IFERROR(INDEX(運賃マスター!$B$5:$B$14,MATCH(1,(運賃マスター!$A$5:$A$14>=_xlpm.d)*1,0)),運賃マスター!$B$5),運賃マスター!$B$17+CEILING((_xlpm.d-100)/10,1)*運賃マスター!$B$16),IF(OR(_xlpm.vt="3t",_xlpm.vt="3tユニック",_xlpm.vt="3ｔユニック"),IF(_xlpm.d<=100,IFERROR(INDEX(運賃マスター!$F$5:$F$14,MATCH(1,(運賃マスター!$E$5:$E$14>=_xlpm.d)*1,0)),運賃マスター!$F$5),運賃マスター!$F$17+CEILING((_xlpm.d-100)/10,1)*運賃マスター!$F$16),IF(_xlpm.vt="1t",IF(_xlpm.d<=100,IFERROR(INDEX(運賃マスター!$J$5:$J$14,MATCH(1,(運賃マスター!$I$5:$I$14>=_xlpm.d)*1,0)),運賃マスター!$J$5),運賃マスター!$J$17+CEILING((_xlpm.d-100)/10,1)*運賃マスター!$J$16),IF(_xlpm.vt="軽",IF(_xlpm.d<=50,IFERROR(INDEX(運賃マスター!$N$5:$N$14,MATCH(1,(運賃マスター!$M$5:$M$14>=_xlpm.d)*1,0)),運賃マスター!$N$5),IF(_xlpm.d<=100,運賃マスター!$N$15+(_xlpm.d-50)*運賃マスター!$N$16,運賃マスター!$N$17+(_xlpm.d-100)*運賃マスター!$N$18)),IF(_xlpm.vt="3tPG",IF(_xlpm.d<=100,IFERROR(INDEX(運賃マスター!$R$5:$R$14,MATCH(1,(運賃マスター!$Q$5:$Q$14>=_xlpm.d)*1,0)),運賃マスター!$R$5),運賃マスター!$R$17+CEILING((_xlpm.d-100)/10,1)*運賃マスター!$R$16),"")))))),""))}
B40: 12(736)
B41: 13(737) | K41: {=IF(OR(H41="",L41=""),"",IFERROR(_xlfn.LET(_xlpm.vt,VLOOKUP(IFERROR(VALUE(LEFT(H41,FIND("＊",H41&"＊")-1)),H41),運賃マスター!$A$22:$B$40,2,FALSE),_xlpm.d,L41,IF(OR(_xlpm.vt="2t",_xlpm.vt="2tユニック",_xlpm.vt="2ｔユニック"),IF(_xlpm.d<=100,IFERROR(INDEX(運賃マスター!$B$5:$B$14,MATCH(1,(運賃マスター!$A$5:$A$14>=_xlpm.d)*1,0)),運賃マスター!$B$5),運賃マスター!$B$17+CEILING((_xlpm.d-100)/10,1)*運賃マスター!$B$16),IF(OR(_xlpm.vt="3t",_xlpm.vt="3tユニック",_xlpm.vt="3ｔユニック"),IF(_xlpm.d<=100,IFERROR(INDEX(運賃マスター!$F$5:$F$14,MATCH(1,(運賃マスター!$E$5:$E$14>=_xlpm.d)*1,0)),運賃マスター!$F$5),運賃マスター!$F$17+CEILING((_xlpm.d-100)/10,1)*運賃マスター!$F$16),IF(_xlpm.vt="1t",IF(_xlpm.d<=100,IFERROR(INDEX(運賃マスター!$J$5:$J$14,MATCH(1,(運賃マスター!$I$5:$I$14>=_xlpm.d)*1,0)),運賃マスター!$J$5),運賃マスター!$J$17+CEILING((_xlpm.d-100)/10,1)*運賃マスター!$J$16),IF(_xlpm.vt="軽",IF(_xlpm.d<=50,IFERROR(INDEX(運賃マスター!$N$5:$N$14,MATCH(1,(運賃マスター!$M$5:$M$14>=_xlpm.d)*1,0)),運賃マスター!$N$5),IF(_xlpm.d<=100,運賃マスター!$N$15+(_xlpm.d-50)*運賃マスター!$N$16,運賃マスター!$N$17+(_xlpm.d-100)*運賃マスター!$N$18)),IF(_xlpm.vt="3tPG",IF(_xlpm.d<=100,IFERROR(INDEX(運賃マスター!$R$5:$R$14,MATCH(1,(運賃マスター!$Q$5:$Q$14>=_xlpm.d)*1,0)),運賃マスター!$R$5),運賃マスター!$R$17+CEILING((_xlpm.d-100)/10,1)*運賃マスター!$R$16),"")))))),""))}
B42: 14(738) | C42: 辻井 | K42: {=IF(OR(H42="",L42=""),"",IFERROR(_xlfn.LET(_xlpm.vt,VLOOKUP(IFERROR(VALUE(LEFT(H42,FIND("＊",H42&"＊")-1)),H42),運賃マスター!$A$22:$B$40,2,FALSE),_xlpm.d,L42,IF(OR(_xlpm.vt="2t",_xlpm.vt="2tユニック",_xlpm.vt="2ｔユニック"),IF(_xlpm.d<=100,IFERROR(INDEX(運賃マスター!$B$5:$B$14,MATCH(1,(運賃マスター!$A$5:$A$14>=_xlpm.d)*1,0)),運賃マスター!$B$5),運賃マスター!$B$17+CEILING((_xlpm.d-100)/10,1)*運賃マスター!$B$16),IF(OR(_xlpm.vt="3t",_xlpm.vt="3tユニック",_xlpm.vt="3ｔユニック"),IF(_xlpm.d<=100,IFERROR(INDEX(運賃マスター!$F$5:$F$14,MATCH(1,(運賃マスター!$E$5:$E$14>=_xlpm.d)*1,0)),運賃マスター!$F$5),運賃マスター!$F$17+CEILING((_xlpm.d-100)/10,1)*運賃マスター!$F$16),IF(_xlpm.vt="1t",IF(_xlpm.d<=100,IFERROR(INDEX(運賃マスター!$J$5:$J$14,MATCH(1,(運賃マスター!$I$5:$I$14>=_xlpm.d)*1,0)),運賃マスター!$J$5),運賃マスター!$J$17+CEILING((_xlpm.d-100)/10,1)*運賃マスター!$J$16),IF(_xlpm.vt="軽",IF(_xlpm.d<=50,IFERROR(INDEX(運賃マスター!$N$5:$N$14,MATCH(1,(運賃マスター!$M$5:$M$14>=_xlpm.d)*1,0)),運賃マスター!$N$5),IF(_xlpm.d<=100,運賃マスター!$N$15+(_xlpm.d-50)*運賃マスター!$N$16,運賃マスター!$N$17+(_xlpm.d-100)*運賃マスター!$N$18)),IF(_xlpm.vt="3tPG",IF(_xlpm.d<=100,IFERROR(INDEX(運賃マスター!$R$5:$R$14,MATCH(1,(運賃マスター!$Q$5:$Q$14>=_xlpm.d)*1,0)),運賃マスター!$R$5),運賃マスター!$R$17+CEILING((_xlpm.d-100)/10,1)*運賃マスター!$R$16),"")))))),""))}
K43: {=IF(OR(H43="",L43=""),"",IFERROR(_xlfn.LET(_xlpm.vt,VLOOKUP(IFERROR(VALUE(LEFT(H43,FIND("＊",H43&"＊")-1)),H43),運賃マスター!$A$22:$B$40,2,FALSE),_xlpm.d,L43,IF(OR(_xlpm.vt="2t",_xlpm.vt="2tユニック",_xlpm.vt="2ｔユニック"),IF(_xlpm.d<=100,IFERROR(INDEX(運賃マスター!$B$5:$B$14,MATCH(1,(運賃マスター!$A$5:$A$14>=_xlpm.d)*1,0)),運賃マスター!$B$5),運賃マスター!$B$17+CEILING((_xlpm.d-100)/10,1)*運賃マスター!$B$16),IF(OR(_xlpm.vt="3t",_xlpm.vt="3tユニック",_xlpm.vt="3ｔユニック"),IF(_xlpm.d<=100,IFERROR(INDEX(運賃マスター!$F$5:$F$14,MATCH(1,(運賃マスター!$E$5:$E$14>=_xlpm.d)*1,0)),運賃マスター!$F$5),運賃マスター!$F$17+CEILING((_xlpm.d-100)/10,1)*運賃マスター!$F$16),IF(_xlpm.vt="1t",IF(_xlpm.d<=100,IFERROR(INDEX(運賃マスター!$J$5:$J$14,MATCH(1,(運賃マスター!$I$5:$I$14>=_xlpm.d)*1,0)),運賃マスター!$J$5),運賃マスター!$J$17+CEILING((_xlpm.d-100)/10,1)*運賃マスター!$J$16),IF(_xlpm.vt="軽",IF(_xlpm.d<=50,IFERROR(INDEX(運賃マスター!$N$5:$N$14,MATCH(1,(運賃マスター!$M$5:$M$14>=_xlpm.d)*1,0)),運賃マスター!$N$5),IF(_xlpm.d<=100,運賃マスター!$N$15+(_xlpm.d-50)*運賃マスター!$N$16,運賃マスター!$N$17+(_xlpm.d-100)*運賃マスター!$N$18)),IF(_xlpm.vt="3tPG",IF(_xlpm.d<=100,IFERROR(INDEX(運賃マスター!$R$5:$R$14,MATCH(1,(運賃マスター!$Q$5:$Q$14>=_xlpm.d)*1,0)),運賃マスター!$R$5),運賃マスター!$R$17+CEILING((_xlpm.d-100)/10,1)*運賃マスター!$R$16),"")))))),""))}
B44: 7290 | C44: 佐藤 | K44: {=IF(OR(H44="",L44=""),"",IFERROR(_xlfn.LET(_xlpm.vt,VLOOKUP(IFERROR(VALUE(LEFT(H44,FIND("＊",H44&"＊")-1)),H44),運賃マスター!$A$22:$B$40,2,FALSE),_xlpm.d,L44,IF(OR(_xlpm.vt="2t",_xlpm.vt="2tユニック",_xlpm.vt="2ｔユニック"),IF(_xlpm.d<=100,IFERROR(INDEX(運賃マスター!$B$5:$B$14,MATCH(1,(運賃マスター!$A$5:$A$14>=_xlpm.d)*1,0)),運賃マスター!$B$5),運賃マスター!$B$17+CEILING((_xlpm.d-100)/10,1)*運賃マスター!$B$16),IF(OR(_xlpm.vt="3t",_xlpm.vt="3tユニック",_xlpm.vt="3ｔユニック"),IF(_xlpm.d<=100,IFERROR(INDEX(運賃マスター!$F$5:$F$14,MATCH(1,(運賃マスター!$E$5:$E$14>=_xlpm.d)*1,0)),運賃マスター!$F$5),運賃マスター!$F$17+CEILING((_xlpm.d-100)/10,1)*運賃マスター!$F$16),IF(_xlpm.vt="1t",IF(_xlpm.d<=100,IFERROR(INDEX(運賃マスター!$J$5:$J$14,MATCH(1,(運賃マスター!$I$5:$I$14>=_xlpm.d)*1,0)),運賃マスター!$J$5),運賃マスター!$J$17+CEILING((_xlpm.d-100)/10,1)*運賃マスター!$J$16),IF(_xlpm.vt="軽",IF(_xlpm.d<=50,IFERROR(INDEX(運賃マスター!$N$5:$N$14,MATCH(1,(運賃マスター!$M$5:$M$14>=_xlpm.d)*1,0)),運賃マスター!$N$5),IF(_xlpm.d<=100,運賃マスター!$N$15+(_xlpm.d-50)*運賃マスター!$N$16,運賃マスター!$N$17+(_xlpm.d-100)*運賃マスター!$N$18)),IF(_xlpm.vt="3tPG",IF(_xlpm.d<=100,IFERROR(INDEX(運賃マスター!$R$5:$R$14,MATCH(1,(運賃マスター!$Q$5:$Q$14>=_xlpm.d)*1,0)),運賃マスター!$R$5),運賃マスター!$R$17+CEILING((_xlpm.d-100)/10,1)*運賃マスター!$R$16),"")))))),""))}
B45: 7291 | C45: 末次 | K45: {=IF(OR(H45="",L45=""),"",IFERROR(_xlfn.LET(_xlpm.vt,VLOOKUP(IFERROR(VALUE(LEFT(H45,FIND("＊",H45&"＊")-1)),H45),運賃マスター!$A$22:$B$40,2,FALSE),_xlpm.d,L45,IF(OR(_xlpm.vt="2t",_xlpm.vt="2tユニック",_xlpm.vt="2ｔユニック"),IF(_xlpm.d<=100,IFERROR(INDEX(運賃マスター!$B$5:$B$14,MATCH(1,(運賃マスター!$A$5:$A$14>=_xlpm.d)*1,0)),運賃マスター!$B$5),運賃マスター!$B$17+CEILING((_xlpm.d-100)/10,1)*運賃マスター!$B$16),IF(OR(_xlpm.vt="3t",_xlpm.vt="3tユニック",_xlpm.vt="3ｔユニック"),IF(_xlpm.d<=100,IFERROR(INDEX(運賃マスター!$F$5:$F$14,MATCH(1,(運賃マスター!$E$5:$E$14>=_xlpm.d)*1,0)),運賃マスター!$F$5),運賃マスター!$F$17+CEILING((_xlpm.d-100)/10,1)*運賃マスター!$F$16),IF(_xlpm.vt="1t",IF(_xlpm.d<=100,IFERROR(INDEX(運賃マスター!$J$5:$J$14,MATCH(1,(運賃マスター!$I$5:$I$14>=_xlpm.d)*1,0)),運賃マスター!$J$5),運賃マスター!$J$17+CEILING((_xlpm.d-100)/10,1)*運賃マスター!$J$16),IF(_xlpm.vt="軽",IF(_xlpm.d<=50,IFERROR(INDEX(運賃マスター!$N$5:$N$14,MATCH(1,(運賃マスター!$M$5:$M$14>=_xlpm.d)*1,0)),運賃マスター!$N$5),IF(_xlpm.d<=100,運賃マスター!$N$15+(_xlpm.d-50)*運賃マスター!$N$16,運賃マスター!$N$17+(_xlpm.d-100)*運賃マスター!$N$18)),IF(_xlpm.vt="3tPG",IF(_xlpm.d<=100,IFERROR(INDEX(運賃マスター!$R$5:$R$14,MATCH(1,(運賃マスター!$Q$5:$Q$14>=_xlpm.d)*1,0)),運賃マスター!$R$5),運賃マスター!$R$17+CEILING((_xlpm.d-100)/10,1)*運賃マスター!$R$16),"")))))),""))}
K46: {=IF(OR(H46="",L46=""),"",IFERROR(_xlfn.LET(_xlpm.vt,VLOOKUP(IFERROR(VALUE(LEFT(H46,FIND("＊",H46&"＊")-1)),H46),運賃マスター!$A$22:$B$40,2,FALSE),_xlpm.d,L46,IF(OR(_xlpm.vt="2t",_xlpm.vt="2tユニック",_xlpm.vt="2ｔユニック"),IF(_xlpm.d<=100,IFERROR(INDEX(運賃マスター!$B$5:$B$14,MATCH(1,(運賃マスター!$A$5:$A$14>=_xlpm.d)*1,0)),運賃マスター!$B$5),運賃マスター!$B$17+CEILING((_xlpm.d-100)/10,1)*運賃マスター!$B$16),IF(OR(_xlpm.vt="3t",_xlpm.vt="3tユニック",_xlpm.vt="3ｔユニック"),IF(_xlpm.d<=100,IFERROR(INDEX(運賃マスター!$F$5:$F$14,MATCH(1,(運賃マスター!$E$5:$E$14>=_xlpm.d)*1,0)),運賃マスター!$F$5),運賃マスター!$F$17+CEILING((_xlpm.d-100)/10,1)*運賃マスター!$F$16),IF(_xlpm.vt="1t",IF(_xlpm.d<=100,IFERROR(INDEX(運賃マスター!$J$5:$J$14,MATCH(1,(運賃マスター!$I$5:$I$14>=_xlpm.d)*1,0)),運賃マスター!$J$5),運賃マスター!$J$17+CEILING((_xlpm.d-100)/10,1)*運賃マスター!$J$16),IF(_xlpm.vt="軽",IF(_xlpm.d<=50,IFERROR(INDEX(運賃マスター!$N$5:$N$14,MATCH(1,(運賃マスター!$M$5:$M$14>=_xlpm.d)*1,0)),運賃マスター!$N$5),IF(_xlpm.d<=100,運賃マスター!$N$15+(_xlpm.d-50)*運賃マスター!$N$16,運賃マスター!$N$17+(_xlpm.d-100)*運賃マスター!$N$18)),IF(_xlpm.vt="3tPG",IF(_xlpm.d<=100,IFERROR(INDEX(運賃マスター!$R$5:$R$14,MATCH(1,(運賃マスター!$Q$5:$Q$14>=_xlpm.d)*1,0)),運賃マスター!$R$5),運賃マスター!$R$17+CEILING((_xlpm.d-100)/10,1)*運賃マスター!$R$16),"")))))),""))}
B47: 333 | C47: 金井/奥田 | K47: {=IF(OR(H47="",L47=""),"",IFERROR(_xlfn.LET(_xlpm.vt,VLOOKUP(IFERROR(VALUE(LEFT(H47,FIND("＊",H47&"＊")-1)),H47),運賃マスター!$A$22:$B$40,2,FALSE),_xlpm.d,L47,IF(OR(_xlpm.vt="2t",_xlpm.vt="2tユニック",_xlpm.vt="2ｔユニック"),IF(_xlpm.d<=100,IFERROR(INDEX(運賃マスター!$B$5:$B$14,MATCH(1,(運賃マスター!$A$5:$A$14>=_xlpm.d)*1,0)),運賃マスター!$B$5),運賃マスター!$B$17+CEILING((_xlpm.d-100)/10,1)*運賃マスター!$B$16),IF(OR(_xlpm.vt="3t",_xlpm.vt="3tユニック",_xlpm.vt="3ｔユニック"),IF(_xlpm.d<=100,IFERROR(INDEX(運賃マスター!$F$5:$F$14,MATCH(1,(運賃マスター!$E$5:$E$14>=_xlpm.d)*1,0)),運賃マスター!$F$5),運賃マスター!$F$17+CEILING((_xlpm.d-100)/10,1)*運賃マスター!$F$16),IF(_xlpm.vt="1t",IF(_xlpm.d<=100,IFERROR(INDEX(運賃マスター!$J$5:$J$14,MATCH(1,(運賃マスター!$I$5:$I$14>=_xlpm.d)*1,0)),運賃マスター!$J$5),運賃マスター!$J$17+CEILING((_xlpm.d-100)/10,1)*運賃マスター!$J$16),IF(_xlpm.vt="軽",IF(_xlpm.d<=50,IFERROR(INDEX(運賃マスター!$N$5:$N$14,MATCH(1,(運賃マスター!$M$5:$M$14>=_xlpm.d)*1,0)),運賃マスター!$N$5),IF(_xlpm.d<=100,運賃マスター!$N$15+(_xlpm.d-50)*運賃マスター!$N$16,運賃マスター!$N$17+(_xlpm.d-100)*運賃マスター!$N$18)),IF(_xlpm.vt="3tPG",IF(_xlpm.d<=100,IFERROR(INDEX(運賃マスター!$R$5:$R$14,MATCH(1,(運賃マスター!$Q$5:$Q$14>=_xlpm.d)*1,0)),運賃マスター!$R$5),運賃マスター!$R$17+CEILING((_xlpm.d-100)/10,1)*運賃マスター!$R$16),"")))))),""))}
B48: 666 | C48: 徳留
B49: 777
B50: 330
B51: 990 | C51: 山原
C53: 出発→到着 | D53: 備考
B54: ① | C54: 東→西 | D54: ①Aチーム優先
B55: ② | C55: 東→東 | D55: ②急ぎ案件の場合、道路状況も伝えてあげる。
B56: ③ | C56: 西→東 | D56: ③各ドライバーの位置からの帰社のタイミング・夕方の配置
B57: ④ | C57: 西→西 | D57: ④依頼を受ける際の、希望時間と現状の位置。行けるか行けないかの判断をしっかりと。
D58: ⑤軽に乗るか乗らないかの判断に気を付ける。
C59: 現状配置(予測) | D59: ⑥18/1日、1.8/1人、3件/1人
B60: 西(神戸西・弥栄台) | D60: ⑦依頼書の見落とし(日付、入替、入出庫、場所）
B61: 真ん中(摩耶・中央) | D61: ⑧3ｔ車と2ｔ車への振り方(西と東に振り分ける)
B62: 東(尼崎・伊丹・西宮) | D62: ⑨
B63: 極東(港区・淀屋橋)
C65: 合計額/380 | D65: =SUM(G65) | F65: 売り上げ額 | G65: =SUM(SUM(K4:K31))
C67: 前日までの売上合計額 | D67: =SUM('6 3'!D69:D70)
F68: 金井（55)
D69: =D65+D67 | F69: 粟津(55)
F70: 砂川(50)
C71: 高代 | F71: 前川(50)
C72: 返還代 | F72: 佐藤(50)
C73: 回収率 | D73: =D72/D71 | F73: 末次(55)
C74: 費 | D74: =D71-D72 | F74: 筒井(75)
F75: 山岸(40)
F76: 多苗(30)

Sheet 6　5
B2: 46178 | D2: NO.2
B3: 荷主 | C3: 種類 | D3: 積込地 | E3: 積降地 | F3: ユーザー名(搬入/搬出) | G3: 時間 | H3: 号車 | J3: 距離 | K3: 特記事項 | L3: 距離 | M3: 終了地 | N3: 予定時間 | O3: 必要時間 | P3: 件数 | Q3: メモ
A5: =IF(B5="","",COUNTA($B$5:B5)) | I5: =IFERROR(_xlfn.XLOOKUP(H5,案件・ドライバー一覧!$L$3:$L$17,案件・ドライバー一覧!$M$3:$M$17,""),"")
A6: =IF(B6="","",COUNTA($B$5:B6)) | K6: {=IF(OR(H6="",L6=""),"",IFERROR(_xlfn.LET(_xlpm.vt,VLOOKUP(IFERROR(VALUE(LEFT(H6,FIND("＊",H6&"＊")-1)),H6),運賃マスター!$A$22:$B$40,2,FALSE),_xlpm.d,L6,IF(OR(_xlpm.vt="2t",_xlpm.vt="2tユニック",_xlpm.vt="2ｔユニック"),IF(_xlpm.d<=100,IFERROR(INDEX(運賃マスター!$B$5:$B$14,MATCH(1,(運賃マスター!$A$5:$A$14>=_xlpm.d)*1,0)),運賃マスター!$B$5),運賃マスター!$B$17+CEILING((_xlpm.d-100)/10,1)*運賃マスター!$B$16),IF(OR(_xlpm.vt="3t",_xlpm.vt="3tユニック",_xlpm.vt="3ｔユニック"),IF(_xlpm.d<=100,IFERROR(INDEX(運賃マスター!$F$5:$F$14,MATCH(1,(運賃マスター!$E$5:$E$14>=_xlpm.d)*1,0)),運賃マスター!$F$5),運賃マスター!$F$17+CEILING((_xlpm.d-100)/10,1)*運賃マスター!$F$16),IF(_xlpm.vt="1t",IF(_xlpm.d<=100,IFERROR(INDEX(運賃マスター!$J$5:$J$14,MATCH(1,(運賃マスター!$I$5:$I$14>=_xlpm.d)*1,0)),運賃マスター!$J$5),運賃マスター!$J$17+CEILING((_xlpm.d-100)/10,1)*運賃マスター!$J$16),IF(_xlpm.vt="軽",IF(_xlpm.d<=50,IFERROR(INDEX(運賃マスター!$N$5:$N$14,MATCH(1,(運賃マスター!$M$5:$M$14>=_xlpm.d)*1,0)),運賃マスター!$N$5),IF(_xlpm.d<=100,運賃マスター!$N$15+(_xlpm.d-50)*運賃マスター!$N$16,運賃マスター!$N$17+(_xlpm.d-100)*運賃マスター!$N$18)),IF(_xlpm.vt="3tPG",IF(_xlpm.d<=100,IFERROR(INDEX(運賃マスター!$R$5:$R$14,MATCH(1,(運賃マスター!$Q$5:$Q$14>=_xlpm.d)*1,0)),運賃マスター!$R$5),運賃マスター!$R$17+CEILING((_xlpm.d-100)/10,1)*運賃マスター!$R$16),"")))))),""))}
A7: =IF(B7="","",COUNTA($B$5:B7)) | K7: {=IF(OR(H7="",L7=""),"",IFERROR(_xlfn.LET(_xlpm.vt,VLOOKUP(IFERROR(VALUE(LEFT(H7,FIND("＊",H7&"＊")-1)),H7),運賃マスター!$A$22:$B$40,2,FALSE),_xlpm.d,L7,IF(OR(_xlpm.vt="2t",_xlpm.vt="2tユニック",_xlpm.vt="2ｔユニック"),IF(_xlpm.d<=100,IFERROR(INDEX(運賃マスター!$B$5:$B$14,MATCH(1,(運賃マスター!$A$5:$A$14>=_xlpm.d)*1,0)),運賃マスター!$B$5),運賃マスター!$B$17+CEILING((_xlpm.d-100)/10,1)*運賃マスター!$B$16),IF(OR(_xlpm.vt="3t",_xlpm.vt="3tユニック",_xlpm.vt="3ｔユニック"),IF(_xlpm.d<=100,IFERROR(INDEX(運賃マスター!$F$5:$F$14,MATCH(1,(運賃マスター!$E$5:$E$14>=_xlpm.d)*1,0)),運賃マスター!$F$5),運賃マスター!$F$17+CEILING((_xlpm.d-100)/10,1)*運賃マスター!$F$16),IF(_xlpm.vt="1t",IF(_xlpm.d<=100,IFERROR(INDEX(運賃マスター!$J$5:$J$14,MATCH(1,(運賃マスター!$I$5:$I$14>=_xlpm.d)*1,0)),運賃マスター!$J$5),運賃マスター!$J$17+CEILING((_xlpm.d-100)/10,1)*運賃マスター!$J$16),IF(_xlpm.vt="軽",IF(_xlpm.d<=50,IFERROR(INDEX(運賃マスター!$N$5:$N$14,MATCH(1,(運賃マスター!$M$5:$M$14>=_xlpm.d)*1,0)),運賃マスター!$N$5),IF(_xlpm.d<=100,運賃マスター!$N$15+(_xlpm.d-50)*運賃マスター!$N$16,運賃マスター!$N$17+(_xlpm.d-100)*運賃マスター!$N$18)),IF(_xlpm.vt="3tPG",IF(_xlpm.d<=100,IFERROR(INDEX(運賃マスター!$R$5:$R$14,MATCH(1,(運賃マスター!$Q$5:$Q$14>=_xlpm.d)*1,0)),運賃マスター!$R$5),運賃マスター!$R$17+CEILING((_xlpm.d-100)/10,1)*運賃マスター!$R$16),"")))))),""))}
A8: =IF(B8="","",COUNTA($B$5:B8)) | K8: {=IF(OR(H8="",L8=""),"",IFERROR(_xlfn.LET(_xlpm.vt,VLOOKUP(IFERROR(VALUE(LEFT(H8,FIND("＊",H8&"＊")-1)),H8),運賃マスター!$A$22:$B$40,2,FALSE),_xlpm.d,L8,IF(OR(_xlpm.vt="2t",_xlpm.vt="2tユニック",_xlpm.vt="2ｔユニック"),IF(_xlpm.d<=100,IFERROR(INDEX(運賃マスター!$B$5:$B$14,MATCH(1,(運賃マスター!$A$5:$A$14>=_xlpm.d)*1,0)),運賃マスター!$B$5),運賃マスター!$B$17+CEILING((_xlpm.d-100)/10,1)*運賃マスター!$B$16),IF(OR(_xlpm.vt="3t",_xlpm.vt="3tユニック",_xlpm.vt="3ｔユニック"),IF(_xlpm.d<=100,IFERROR(INDEX(運賃マスター!$F$5:$F$14,MATCH(1,(運賃マスター!$E$5:$E$14>=_xlpm.d)*1,0)),運賃マスター!$F$5),運賃マスター!$F$17+CEILING((_xlpm.d-100)/10,1)*運賃マスター!$F$16),IF(_xlpm.vt="1t",IF(_xlpm.d<=100,IFERROR(INDEX(運賃マスター!$J$5:$J$14,MATCH(1,(運賃マスター!$I$5:$I$14>=_xlpm.d)*1,0)),運賃マスター!$J$5),運賃マスター!$J$17+CEILING((_xlpm.d-100)/10,1)*運賃マスター!$J$16),IF(_xlpm.vt="軽",IF(_xlpm.d<=50,IFERROR(INDEX(運賃マスター!$N$5:$N$14,MATCH(1,(運賃マスター!$M$5:$M$14>=_xlpm.d)*1,0)),運賃マスター!$N$5),IF(_xlpm.d<=100,運賃マスター!$N$15+(_xlpm.d-50)*運賃マスター!$N$16,運賃マスター!$N$17+(_xlpm.d-100)*運賃マスター!$N$18)),IF(_xlpm.vt="3tPG",IF(_xlpm.d<=100,IFERROR(INDEX(運賃マスター!$R$5:$R$14,MATCH(1,(運賃マスター!$Q$5:$Q$14>=_xlpm.d)*1,0)),運賃マスター!$R$5),運賃マスター!$R$17+CEILING((_xlpm.d-100)/10,1)*運賃マスター!$R$16),"")))))),""))}
A9: =IF(B9="","",COUNTA($B$5:B9)) | K9: {=IF(OR(H9="",L9=""),"",IFERROR(_xlfn.LET(_xlpm.vt,VLOOKUP(IFERROR(VALUE(LEFT(H9,FIND("＊",H9&"＊")-1)),H9),運賃マスター!$A$22:$B$40,2,FALSE),_xlpm.d,L9,IF(OR(_xlpm.vt="2t",_xlpm.vt="2tユニック",_xlpm.vt="2ｔユニック"),IF(_xlpm.d<=100,IFERROR(INDEX(運賃マスター!$B$5:$B$14,MATCH(1,(運賃マスター!$A$5:$A$14>=_xlpm.d)*1,0)),運賃マスター!$B$5),運賃マスター!$B$17+CEILING((_xlpm.d-100)/10,1)*運賃マスター!$B$16),IF(OR(_xlpm.vt="3t",_xlpm.vt="3tユニック",_xlpm.vt="3ｔユニック"),IF(_xlpm.d<=100,IFERROR(INDEX(運賃マスター!$F$5:$F$14,MATCH(1,(運賃マスター!$E$5:$E$14>=_xlpm.d)*1,0)),運賃マスター!$F$5),運賃マスター!$F$17+CEILING((_xlpm.d-100)/10,1)*運賃マスター!$F$16),IF(_xlpm.vt="1t",IF(_xlpm.d<=100,IFERROR(INDEX(運賃マスター!$J$5:$J$14,MATCH(1,(運賃マスター!$I$5:$I$14>=_xlpm.d)*1,0)),運賃マスター!$J$5),運賃マスター!$J$17+CEILING((_xlpm.d-100)/10,1)*運賃マスター!$J$16),IF(_xlpm.vt="軽",IF(_xlpm.d<=50,IFERROR(INDEX(運賃マスター!$N$5:$N$14,MATCH(1,(運賃マスター!$M$5:$M$14>=_xlpm.d)*1,0)),運賃マスター!$N$5),IF(_xlpm.d<=100,運賃マスター!$N$15+(_xlpm.d-50)*運賃マスター!$N$16,運賃マスター!$N$17+(_xlpm.d-100)*運賃マスター!$N$18)),IF(_xlpm.vt="3tPG",IF(_xlpm.d<=100,IFERROR(INDEX(運賃マスター!$R$5:$R$14,MATCH(1,(運賃マスター!$Q$5:$Q$14>=_xlpm.d)*1,0)),運賃マスター!$R$5),運賃マスター!$R$17+CEILING((_xlpm.d-100)/10,1)*運賃マスター!$R$16),"")))))),""))}
A10: =IF(B10="","",COUNTA($B$5:B10)) | K10: {=IF(OR(H10="",L10=""),"",IFERROR(_xlfn.LET(_xlpm.vt,VLOOKUP(IFERROR(VALUE(LEFT(H10,FIND("＊",H10&"＊")-1)),H10),運賃マスター!$A$22:$B$40,2,FALSE),_xlpm.d,L10,IF(OR(_xlpm.vt="2t",_xlpm.vt="2tユニック",_xlpm.vt="2ｔユニック"),IF(_xlpm.d<=100,IFERROR(INDEX(運賃マスター!$B$5:$B$14,MATCH(1,(運賃マスター!$A$5:$A$14>=_xlpm.d)*1,0)),運賃マスター!$B$5),運賃マスター!$B$17+CEILING((_xlpm.d-100)/10,1)*運賃マスター!$B$16),IF(OR(_xlpm.vt="3t",_xlpm.vt="3tユニック",_xlpm.vt="3ｔユニック"),IF(_xlpm.d<=100,IFERROR(INDEX(運賃マスター!$F$5:$F$14,MATCH(1,(運賃マスター!$E$5:$E$14>=_xlpm.d)*1,0)),運賃マスター!$F$5),運賃マスター!$F$17+CEILING((_xlpm.d-100)/10,1)*運賃マスター!$F$16),IF(_xlpm.vt="1t",IF(_xlpm.d<=100,IFERROR(INDEX(運賃マスター!$J$5:$J$14,MATCH(1,(運賃マスター!$I$5:$I$14>=_xlpm.d)*1,0)),運賃マスター!$J$5),運賃マスター!$J$17+CEILING((_xlpm.d-100)/10,1)*運賃マスター!$J$16),IF(_xlpm.vt="軽",IF(_xlpm.d<=50,IFERROR(INDEX(運賃マスター!$N$5:$N$14,MATCH(1,(運賃マスター!$M$5:$M$14>=_xlpm.d)*1,0)),運賃マスター!$N$5),IF(_xlpm.d<=100,運賃マスター!$N$15+(_xlpm.d-50)*運賃マスター!$N$16,運賃マスター!$N$17+(_xlpm.d-100)*運賃マスター!$N$18)),IF(_xlpm.vt="3tPG",IF(_xlpm.d<=100,IFERROR(INDEX(運賃マスター!$R$5:$R$14,MATCH(1,(運賃マスター!$Q$5:$Q$14>=_xlpm.d)*1,0)),運賃マスター!$R$5),運賃マスター!$R$17+CEILING((_xlpm.d-100)/10,1)*運賃マスター!$R$16),"")))))),""))}
A11: =IF(B11="","",COUNTA($B$5:B11)) | K11: {=IF(OR(H11="",L11=""),"",IFERROR(_xlfn.LET(_xlpm.vt,VLOOKUP(IFERROR(VALUE(LEFT(H11,FIND("＊",H11&"＊")-1)),H11),運賃マスター!$A$22:$B$40,2,FALSE),_xlpm.d,L11,IF(OR(_xlpm.vt="2t",_xlpm.vt="2tユニック",_xlpm.vt="2ｔユニック"),IF(_xlpm.d<=100,IFERROR(INDEX(運賃マスター!$B$5:$B$14,MATCH(1,(運賃マスター!$A$5:$A$14>=_xlpm.d)*1,0)),運賃マスター!$B$5),運賃マスター!$B$17+CEILING((_xlpm.d-100)/10,1)*運賃マスター!$B$16),IF(OR(_xlpm.vt="3t",_xlpm.vt="3tユニック",_xlpm.vt="3ｔユニック"),IF(_xlpm.d<=100,IFERROR(INDEX(運賃マスター!$F$5:$F$14,MATCH(1,(運賃マスター!$E$5:$E$14>=_xlpm.d)*1,0)),運賃マスター!$F$5),運賃マスター!$F$17+CEILING((_xlpm.d-100)/10,1)*運賃マスター!$F$16),IF(_xlpm.vt="1t",IF(_xlpm.d<=100,IFERROR(INDEX(運賃マスター!$J$5:$J$14,MATCH(1,(運賃マスター!$I$5:$I$14>=_xlpm.d)*1,0)),運賃マスター!$J$5),運賃マスター!$J$17+CEILING((_xlpm.d-100)/10,1)*運賃マスター!$J$16),IF(_xlpm.vt="軽",IF(_xlpm.d<=50,IFERROR(INDEX(運賃マスター!$N$5:$N$14,MATCH(1,(運賃マスター!$M$5:$M$14>=_xlpm.d)*1,0)),運賃マスター!$N$5),IF(_xlpm.d<=100,運賃マスター!$N$15+(_xlpm.d-50)*運賃マスター!$N$16,運賃マスター!$N$17+(_xlpm.d-100)*運賃マスター!$N$18)),IF(_xlpm.vt="3tPG",IF(_xlpm.d<=100,IFERROR(INDEX(運賃マスター!$R$5:$R$14,MATCH(1,(運賃マスター!$Q$5:$Q$14>=_xlpm.d)*1,0)),運賃マスター!$R$5),運賃マスター!$R$17+CEILING((_xlpm.d-100)/10,1)*運賃マスター!$R$16),"")))))),""))}
A12: =IF(B12="","",COUNTA($B$5:B12)) | K12: {=IF(OR(H12="",L12=""),"",IFERROR(_xlfn.LET(_xlpm.vt,VLOOKUP(IFERROR(VALUE(LEFT(H12,FIND("＊",H12&"＊")-1)),H12),運賃マスター!$A$22:$B$40,2,FALSE),_xlpm.d,L12,IF(OR(_xlpm.vt="2t",_xlpm.vt="2tユニック",_xlpm.vt="2ｔユニック"),IF(_xlpm.d<=100,IFERROR(INDEX(運賃マスター!$B$5:$B$14,MATCH(1,(運賃マスター!$A$5:$A$14>=_xlpm.d)*1,0)),運賃マスター!$B$5),運賃マスター!$B$17+CEILING((_xlpm.d-100)/10,1)*運賃マスター!$B$16),IF(OR(_xlpm.vt="3t",_xlpm.vt="3tユニック",_xlpm.vt="3ｔユニック"),IF(_xlpm.d<=100,IFERROR(INDEX(運賃マスター!$F$5:$F$14,MATCH(1,(運賃マスター!$E$5:$E$14>=_xlpm.d)*1,0)),運賃マスター!$F$5),運賃マスター!$F$17+CEILING((_xlpm.d-100)/10,1)*運賃マスター!$F$16),IF(_xlpm.vt="1t",IF(_xlpm.d<=100,IFERROR(INDEX(運賃マスター!$J$5:$J$14,MATCH(1,(運賃マスター!$I$5:$I$14>=_xlpm.d)*1,0)),運賃マスター!$J$5),運賃マスター!$J$17+CEILING((_xlpm.d-100)/10,1)*運賃マスター!$J$16),IF(_xlpm.vt="軽",IF(_xlpm.d<=50,IFERROR(INDEX(運賃マスター!$N$5:$N$14,MATCH(1,(運賃マスター!$M$5:$M$14>=_xlpm.d)*1,0)),運賃マスター!$N$5),IF(_xlpm.d<=100,運賃マスター!$N$15+(_xlpm.d-50)*運賃マスター!$N$16,運賃マスター!$N$17+(_xlpm.d-100)*運賃マスター!$N$18)),IF(_xlpm.vt="3tPG",IF(_xlpm.d<=100,IFERROR(INDEX(運賃マスター!$R$5:$R$14,MATCH(1,(運賃マスター!$Q$5:$Q$14>=_xlpm.d)*1,0)),運賃マスター!$R$5),運賃マスター!$R$17+CEILING((_xlpm.d-100)/10,1)*運賃マスター!$R$16),"")))))),""))}
A13: =IF(B13="","",COUNTA($B$5:B13)) | K13: {=IF(OR(H13="",L13=""),"",IFERROR(_xlfn.LET(_xlpm.vt,VLOOKUP(IFERROR(VALUE(LEFT(H13,FIND("＊",H13&"＊")-1)),H13),運賃マスター!$A$22:$B$40,2,FALSE),_xlpm.d,L13,IF(OR(_xlpm.vt="2t",_xlpm.vt="2tユニック",_xlpm.vt="2ｔユニック"),IF(_xlpm.d<=100,IFERROR(INDEX(運賃マスター!$B$5:$B$14,MATCH(1,(運賃マスター!$A$5:$A$14>=_xlpm.d)*1,0)),運賃マスター!$B$5),運賃マスター!$B$17+CEILING((_xlpm.d-100)/10,1)*運賃マスター!$B$16),IF(OR(_xlpm.vt="3t",_xlpm.vt="3tユニック",_xlpm.vt="3ｔユニック"),IF(_xlpm.d<=100,IFERROR(INDEX(運賃マスター!$F$5:$F$14,MATCH(1,(運賃マスター!$E$5:$E$14>=_xlpm.d)*1,0)),運賃マスター!$F$5),運賃マスター!$F$17+CEILING((_xlpm.d-100)/10,1)*運賃マスター!$F$16),IF(_xlpm.vt="1t",IF(_xlpm.d<=100,IFERROR(INDEX(運賃マスター!$J$5:$J$14,MATCH(1,(運賃マスター!$I$5:$I$14>=_xlpm.d)*1,0)),運賃マスター!$J$5),運賃マスター!$J$17+CEILING((_xlpm.d-100)/10,1)*運賃マスター!$J$16),IF(_xlpm.vt="軽",IF(_xlpm.d<=50,IFERROR(INDEX(運賃マスター!$N$5:$N$14,MATCH(1,(運賃マスター!$M$5:$M$14>=_xlpm.d)*1,0)),運賃マスター!$N$5),IF(_xlpm.d<=100,運賃マスター!$N$15+(_xlpm.d-50)*運賃マスター!$N$16,運賃マスター!$N$17+(_xlpm.d-100)*運賃マスター!$N$18)),IF(_xlpm.vt="3tPG",IF(_xlpm.d<=100,IFERROR(INDEX(運賃マスター!$R$5:$R$14,MATCH(1,(運賃マスター!$Q$5:$Q$14>=_xlpm.d)*1,0)),運賃マスター!$R$5),運賃マスター!$R$17+CEILING((_xlpm.d-100)/10,1)*運賃マスター!$R$16),"")))))),""))}
A14: =IF(B14="","",COUNTA($B$5:B14)) | K14: {=IF(OR(H14="",L14=""),"",IFERROR(_xlfn.LET(_xlpm.vt,VLOOKUP(IFERROR(VALUE(LEFT(H14,FIND("＊",H14&"＊")-1)),H14),運賃マスター!$A$22:$B$40,2,FALSE),_xlpm.d,L14,IF(OR(_xlpm.vt="2t",_xlpm.vt="2tユニック",_xlpm.vt="2ｔユニック"),IF(_xlpm.d<=100,IFERROR(INDEX(運賃マスター!$B$5:$B$14,MATCH(1,(運賃マスター!$A$5:$A$14>=_xlpm.d)*1,0)),運賃マスター!$B$5),運賃マスター!$B$17+CEILING((_xlpm.d-100)/10,1)*運賃マスター!$B$16),IF(OR(_xlpm.vt="3t",_xlpm.vt="3tユニック",_xlpm.vt="3ｔユニック"),IF(_xlpm.d<=100,IFERROR(INDEX(運賃マスター!$F$5:$F$14,MATCH(1,(運賃マスター!$E$5:$E$14>=_xlpm.d)*1,0)),運賃マスター!$F$5),運賃マスター!$F$17+CEILING((_xlpm.d-100)/10,1)*運賃マスター!$F$16),IF(_xlpm.vt="1t",IF(_xlpm.d<=100,IFERROR(INDEX(運賃マスター!$J$5:$J$14,MATCH(1,(運賃マスター!$I$5:$I$14>=_xlpm.d)*1,0)),運賃マスター!$J$5),運賃マスター!$J$17+CEILING((_xlpm.d-100)/10,1)*運賃マスター!$J$16),IF(_xlpm.vt="軽",IF(_xlpm.d<=50,IFERROR(INDEX(運賃マスター!$N$5:$N$14,MATCH(1,(運賃マスター!$M$5:$M$14>=_xlpm.d)*1,0)),運賃マスター!$N$5),IF(_xlpm.d<=100,運賃マスター!$N$15+(_xlpm.d-50)*運賃マスター!$N$16,運賃マスター!$N$17+(_xlpm.d-100)*運賃マスター!$N$18)),IF(_xlpm.vt="3tPG",IF(_xlpm.d<=100,IFERROR(INDEX(運賃マスター!$R$5:$R$14,MATCH(1,(運賃マスター!$Q$5:$Q$14>=_xlpm.d)*1,0)),運賃マスター!$R$5),運賃マスター!$R$17+CEILING((_xlpm.d-100)/10,1)*運賃マスター!$R$16),"")))))),""))}
A15: =IF(B15="","",COUNTA($B$5:B15)) | K15: {=IF(OR(H15="",L15=""),"",IFERROR(_xlfn.LET(_xlpm.vt,VLOOKUP(IFERROR(VALUE(LEFT(H15,FIND("＊",H15&"＊")-1)),H15),運賃マスター!$A$22:$B$40,2,FALSE),_xlpm.d,L15,IF(OR(_xlpm.vt="2t",_xlpm.vt="2tユニック",_xlpm.vt="2ｔユニック"),IF(_xlpm.d<=100,IFERROR(INDEX(運賃マスター!$B$5:$B$14,MATCH(1,(運賃マスター!$A$5:$A$14>=_xlpm.d)*1,0)),運賃マスター!$B$5),運賃マスター!$B$17+CEILING((_xlpm.d-100)/10,1)*運賃マスター!$B$16),IF(OR(_xlpm.vt="3t",_xlpm.vt="3tユニック",_xlpm.vt="3ｔユニック"),IF(_xlpm.d<=100,IFERROR(INDEX(運賃マスター!$F$5:$F$14,MATCH(1,(運賃マスター!$E$5:$E$14>=_xlpm.d)*1,0)),運賃マスター!$F$5),運賃マスター!$F$17+CEILING((_xlpm.d-100)/10,1)*運賃マスター!$F$16),IF(_xlpm.vt="1t",IF(_xlpm.d<=100,IFERROR(INDEX(運賃マスター!$J$5:$J$14,MATCH(1,(運賃マスター!$I$5:$I$14>=_xlpm.d)*1,0)),運賃マスター!$J$5),運賃マスター!$J$17+CEILING((_xlpm.d-100)/10,1)*運賃マスター!$J$16),IF(_xlpm.vt="軽",IF(_xlpm.d<=50,IFERROR(INDEX(運賃マスター!$N$5:$N$14,MATCH(1,(運賃マスター!$M$5:$M$14>=_xlpm.d)*1,0)),運賃マスター!$N$5),IF(_xlpm.d<=100,運賃マスター!$N$15+(_xlpm.d-50)*運賃マスター!$N$16,運賃マスター!$N$17+(_xlpm.d-100)*運賃マスター!$N$18)),IF(_xlpm.vt="3tPG",IF(_xlpm.d<=100,IFERROR(INDEX(運賃マスター!$R$5:$R$14,MATCH(1,(運賃マスター!$Q$5:$Q$14>=_xlpm.d)*1,0)),運賃マスター!$R$5),運賃マスター!$R$17+CEILING((_xlpm.d-100)/10,1)*運賃マスター!$R$16),"")))))),""))}
A16: =IF(B16="","",COUNTA($B$5:B16)) | K16: {=IF(OR(H16="",L16=""),"",IFERROR(_xlfn.LET(_xlpm.vt,VLOOKUP(IFERROR(VALUE(LEFT(H16,FIND("＊",H16&"＊")-1)),H16),運賃マスター!$A$22:$B$40,2,FALSE),_xlpm.d,L16,IF(OR(_xlpm.vt="2t",_xlpm.vt="2tユニック",_xlpm.vt="2ｔユニック"),IF(_xlpm.d<=100,IFERROR(INDEX(運賃マスター!$B$5:$B$14,MATCH(1,(運賃マスター!$A$5:$A$14>=_xlpm.d)*1,0)),運賃マスター!$B$5),運賃マスター!$B$17+CEILING((_xlpm.d-100)/10,1)*運賃マスター!$B$16),IF(OR(_xlpm.vt="3t",_xlpm.vt="3tユニック",_xlpm.vt="3ｔユニック"),IF(_xlpm.d<=100,IFERROR(INDEX(運賃マスター!$F$5:$F$14,MATCH(1,(運賃マスター!$E$5:$E$14>=_xlpm.d)*1,0)),運賃マスター!$F$5),運賃マスター!$F$17+CEILING((_xlpm.d-100)/10,1)*運賃マスター!$F$16),IF(_xlpm.vt="1t",IF(_xlpm.d<=100,IFERROR(INDEX(運賃マスター!$J$5:$J$14,MATCH(1,(運賃マスター!$I$5:$I$14>=_xlpm.d)*1,0)),運賃マスター!$J$5),運賃マスター!$J$17+CEILING((_xlpm.d-100)/10,1)*運賃マスター!$J$16),IF(_xlpm.vt="軽",IF(_xlpm.d<=50,IFERROR(INDEX(運賃マスター!$N$5:$N$14,MATCH(1,(運賃マスター!$M$5:$M$14>=_xlpm.d)*1,0)),運賃マスター!$N$5),IF(_xlpm.d<=100,運賃マスター!$N$15+(_xlpm.d-50)*運賃マスター!$N$16,運賃マスター!$N$17+(_xlpm.d-100)*運賃マスター!$N$18)),IF(_xlpm.vt="3tPG",IF(_xlpm.d<=100,IFERROR(INDEX(運賃マスター!$R$5:$R$14,MATCH(1,(運賃マスター!$Q$5:$Q$14>=_xlpm.d)*1,0)),運賃マスター!$R$5),運賃マスター!$R$17+CEILING((_xlpm.d-100)/10,1)*運賃マスター!$R$16),"")))))),""))}
A17: =IF(B17="","",COUNTA($B$5:B17)) | K17: {=IF(OR(H17="",L17=""),"",IFERROR(_xlfn.LET(_xlpm.vt,VLOOKUP(IFERROR(VALUE(LEFT(H17,FIND("＊",H17&"＊")-1)),H17),運賃マスター!$A$22:$B$40,2,FALSE),_xlpm.d,L17,IF(OR(_xlpm.vt="2t",_xlpm.vt="2tユニック",_xlpm.vt="2ｔユニック"),IF(_xlpm.d<=100,IFERROR(INDEX(運賃マスター!$B$5:$B$14,MATCH(1,(運賃マスター!$A$5:$A$14>=_xlpm.d)*1,0)),運賃マスター!$B$5),運賃マスター!$B$17+CEILING((_xlpm.d-100)/10,1)*運賃マスター!$B$16),IF(OR(_xlpm.vt="3t",_xlpm.vt="3tユニック",_xlpm.vt="3ｔユニック"),IF(_xlpm.d<=100,IFERROR(INDEX(運賃マスター!$F$5:$F$14,MATCH(1,(運賃マスター!$E$5:$E$14>=_xlpm.d)*1,0)),運賃マスター!$F$5),運賃マスター!$F$17+CEILING((_xlpm.d-100)/10,1)*運賃マスター!$F$16),IF(_xlpm.vt="1t",IF(_xlpm.d<=100,IFERROR(INDEX(運賃マスター!$J$5:$J$14,MATCH(1,(運賃マスター!$I$5:$I$14>=_xlpm.d)*1,0)),運賃マスター!$J$5),運賃マスター!$J$17+CEILING((_xlpm.d-100)/10,1)*運賃マスター!$J$16),IF(_xlpm.vt="軽",IF(_xlpm.d<=50,IFERROR(INDEX(運賃マスター!$N$5:$N$14,MATCH(1,(運賃マスター!$M$5:$M$14>=_xlpm.d)*1,0)),運賃マスター!$N$5),IF(_xlpm.d<=100,運賃マスター!$N$15+(_xlpm.d-50)*運賃マスター!$N$16,運賃マスター!$N$17+(_xlpm.d-100)*運賃マスター!$N$18)),IF(_xlpm.vt="3tPG",IF(_xlpm.d<=100,IFERROR(INDEX(運賃マスター!$R$5:$R$14,MATCH(1,(運賃マスター!$Q$5:$Q$14>=_xlpm.d)*1,0)),運賃マスター!$R$5),運賃マスター!$R$17+CEILING((_xlpm.d-100)/10,1)*運賃マスター!$R$16),"")))))),""))}
... A31: =IF(B31="","",COUNTA($B$5:B31)) | K31: {=IF(OR(H31="",L31=""),"",IFERROR(_xlfn.LET(_xlpm.vt,VLOOKUP(IFERROR(VALUE(LEFT(H31,FIND("＊",H31&"＊")-1)),H31),運賃マスター!$A$22:$B$40,2,FALSE),_xlpm.d,L31,IF(OR(_xlpm.vt="2t",_xlpm.vt="2tユニック",_xlpm.vt="2ｔユニック"),IF(_xlpm.d<=100,IFERROR(INDEX(運賃マスター!$B$5:$B$14,MATCH(1,(運賃マスター!$A$5:$A$14>=_xlpm.d)*1,0)),運賃マスター!$B$5),運賃マスター!$B$17+CEILING((_xlpm.d-100)/10,1)*運賃マスター!$B$16),IF(OR(_xlpm.vt="3t",_xlpm.vt="3tユニック",_xlpm.vt="3ｔユニック"),IF(_xlpm.d<=100,IFERROR(INDEX(運賃マスター!$F$5:$F$14,MATCH(1,(運賃マスター!$E$5:$E$14>=_xlpm.d)*1,0)),運賃マスター!$F$5),運賃マスター!$F$17+CEILING((_xlpm.d-100)/10,1)*運賃マスター!$F$16),IF(_xlpm.vt="1t",IF(_xlpm.d<=100,IFERROR(INDEX(運賃マスター!$J$5:$J$14,MATCH(1,(運賃マスター!$I$5:$I$14>=_xlpm.d)*1,0)),運賃マスター!$J$5),運賃マスター!$J$17+CEILING((_xlpm.d-100)/10,1)*運賃マスター!$J$16),IF(_xlpm.vt="軽",IF(_xlpm.d<=50,IFERROR(INDEX(運賃マスター!$N$5:$N$14,MATCH(1,(運賃マスター!$M$5:$M$14>=_xlpm.d)*1,0)),運賃マスター!$N$5),IF(_xlpm.d<=100,運賃マスター!$N$15+(_xlpm.d-50)*運賃マスター!$N$16,運賃マスター!$N$17+(_xlpm.d-100)*運賃マスター!$N$18)),IF(_xlpm.vt="3tPG",IF(_xlpm.d<=100,IFERROR(INDEX(運賃マスター!$R$5:$R$14,MATCH(1,(運賃マスター!$Q$5:$Q$14>=_xlpm.d)*1,0)),運賃マスター!$R$5),運賃マスター!$R$17+CEILING((_xlpm.d-100)/10,1)*運賃マスター!$R$16),"")))))),""))}
K32: {=IF(OR(H32="",L32=""),"",IFERROR(_xlfn.LET(_xlpm.vt,VLOOKUP(IFERROR(VALUE(LEFT(H32,FIND("＊",H32&"＊")-1)),H32),運賃マスター!$A$22:$B$40,2,FALSE),_xlpm.d,L32,IF(OR(_xlpm.vt="2t",_xlpm.vt="2tユニック",_xlpm.vt="2ｔユニック"),IF(_xlpm.d<=100,IFERROR(INDEX(運賃マスター!$B$5:$B$14,MATCH(1,(運賃マスター!$A$5:$A$14>=_xlpm.d)*1,0)),運賃マスター!$B$5),運賃マスター!$B$17+CEILING((_xlpm.d-100)/10,1)*運賃マスター!$B$16),IF(OR(_xlpm.vt="3t",_xlpm.vt="3tユニック",_xlpm.vt="3ｔユニック"),IF(_xlpm.d<=100,IFERROR(INDEX(運賃マスター!$F$5:$F$14,MATCH(1,(運賃マスター!$E$5:$E$14>=_xlpm.d)*1,0)),運賃マスター!$F$5),運賃マスター!$F$17+CEILING((_xlpm.d-100)/10,1)*運賃マスター!$F$16),IF(_xlpm.vt="1t",IF(_xlpm.d<=100,IFERROR(INDEX(運賃マスター!$J$5:$J$14,MATCH(1,(運賃マスター!$I$5:$I$14>=_xlpm.d)*1,0)),運賃マスター!$J$5),運賃マスター!$J$17+CEILING((_xlpm.d-100)/10,1)*運賃マスター!$J$16),IF(_xlpm.vt="軽",IF(_xlpm.d<=50,IFERROR(INDEX(運賃マスター!$N$5:$N$14,MATCH(1,(運賃マスター!$M$5:$M$14>=_xlpm.d)*1,0)),運賃マスター!$N$5),IF(_xlpm.d<=100,運賃マスター!$N$15+(_xlpm.d-50)*運賃マスター!$N$16,運賃マスター!$N$17+(_xlpm.d-100)*運賃マスター!$N$18)),IF(_xlpm.vt="3tPG",IF(_xlpm.d<=100,IFERROR(INDEX(運賃マスター!$R$5:$R$14,MATCH(1,(運賃マスター!$Q$5:$Q$14>=_xlpm.d)*1,0)),運賃マスター!$R$5),運賃マスター!$R$17+CEILING((_xlpm.d-100)/10,1)*運賃マスター!$R$16),"")))))),""))}
K33: {=IF(OR(H33="",L33=""),"",IFERROR(_xlfn.LET(_xlpm.vt,VLOOKUP(IFERROR(VALUE(LEFT(H33,FIND("＊",H33&"＊")-1)),H33),運賃マスター!$A$22:$B$40,2,FALSE),_xlpm.d,L33,IF(OR(_xlpm.vt="2t",_xlpm.vt="2tユニック",_xlpm.vt="2ｔユニック"),IF(_xlpm.d<=100,IFERROR(INDEX(運賃マスター!$B$5:$B$14,MATCH(1,(運賃マスター!$A$5:$A$14>=_xlpm.d)*1,0)),運賃マスター!$B$5),運賃マスター!$B$17+CEILING((_xlpm.d-100)/10,1)*運賃マスター!$B$16),IF(OR(_xlpm.vt="3t",_xlpm.vt="3tユニック",_xlpm.vt="3ｔユニック"),IF(_xlpm.d<=100,IFERROR(INDEX(運賃マスター!$F$5:$F$14,MATCH(1,(運賃マスター!$E$5:$E$14>=_xlpm.d)*1,0)),運賃マスター!$F$5),運賃マスター!$F$17+CEILING((_xlpm.d-100)/10,1)*運賃マスター!$F$16),IF(_xlpm.vt="1t",IF(_xlpm.d<=100,IFERROR(INDEX(運賃マスター!$J$5:$J$14,MATCH(1,(運賃マスター!$I$5:$I$14>=_xlpm.d)*1,0)),運賃マスター!$J$5),運賃マスター!$J$17+CEILING((_xlpm.d-100)/10,1)*運賃マスター!$J$16),IF(_xlpm.vt="軽",IF(_xlpm.d<=50,IFERROR(INDEX(運賃マスター!$N$5:$N$14,MATCH(1,(運賃マスター!$M$5:$M$14>=_xlpm.d)*1,0)),運賃マスター!$N$5),IF(_xlpm.d<=100,運賃マスター!$N$15+(_xlpm.d-50)*運賃マスター!$N$16,運賃マスター!$N$17+(_xlpm.d-100)*運賃マスター!$N$18)),IF(_xlpm.vt="3tPG",IF(_xlpm.d<=100,IFERROR(INDEX(運賃マスター!$R$5:$R$14,MATCH(1,(運賃マスター!$Q$5:$Q$14>=_xlpm.d)*1,0)),運賃マスター!$R$5),運賃マスター!$R$17+CEILING((_xlpm.d-100)/10,1)*運賃マスター!$R$16),"")))))),""))}
